Date,Price,Open,High,Low,Vol.,Change %
25-Nov-16,2211.25,2205.5,2211.25,2202.5,-,0.26%
24-Nov-16,2205.5,2199.25,2207,2197.75,-,0.27%
23-Nov-16,2199.5,2200.25,2203.5,2192.25,-,-0.02%
22-Nov-16,2200,2194,2203,2191.75,-,0.27%
21-Nov-16,2194,2180.5,2196.5,2178.75,-,0.61%
20-Nov-16,2180.75,2180,2181.5,2179.75,-,0.02%
18-Nov-16,2180.25,2183.25,2187.5,2176.5,-,-0.13%
17-Nov-16,2183,2172.88,2185.5,2171.75,-,0.47%
16-Nov-16,2172.75,2179.5,2184.75,2168.75,-,-0.30%
15-Nov-16,2179.25,2161.25,2180,2159.25,-,0.87%
14-Nov-16,2160.5,2164.5,2174.5,2152.25,-,-0.05%
11-Nov-16,2161.5,2165,2170.5,2148.5,1.88M,-0.27%
10-Nov-16,2167.25,2159.5,2180.5,2147.75,3.13M,0.32%
9-Nov-16,2160.25,2138,2166.75,2028.5,5.28M,1.16%
8-Nov-16,2135.5,2129,2143.25,2119,1.75M,0.31%
7-Nov-16,2129,2106,2130.75,2102.75,1.76M,2.36%
4-Nov-16,2080,2084,2094.25,2078.75,2.08M,-0.17%
3-Nov-16,2083.5,2088.25,2098.75,2079.75,1.80M,-0.42%
2-Nov-16,2092.25,2102.25,2106.5,2087.25,2.01M,-0.55%
1-Nov-16,2103.75,2123.5,2129.5,2091,2.26M,-0.77%
31-Oct-16,2120,2120,2130.5,2114.75,1.37M,-0.18%
28-Oct-16,2123.75,2127.25,2135.25,2112.5,2.39M,0.01%
27-Oct-16,2123.5,2133.75,2143.75,2122.5,1.80M,-0.49%
26-Oct-16,2134,2135.25,2140,2124.75,1.55M,-0.19%
25-Oct-16,2138,2144.75,2149.75,2135.25,1.20M,-0.29%
24-Oct-16,2144.25,2137,2149,2134.75,1.01M,0.45%
21-Oct-16,2134.75,2136,2138.5,2123.25,1.41M,-0.11%
20-Oct-16,2137,2137.5,2144.5,2126.75,1.61M,-0.05%
19-Oct-16,2138,2131.5,2142.5,2126.5,948.48K,0.28%
18-Oct-16,2132,2122.5,2139.75,2120.25,1.14M,0.42%
17-Oct-16,2123,2126.25,2130,2116.75,1.25M,-0.19%
14-Oct-16,2127,2126.25,2143.25,2122.25,1.84M,0.04%
13-Oct-16,2126.25,2127.75,2132.25,2107.75,2.20M,-0.25%
12-Oct-16,2131.5,2133,2140.75,2126.25,1.48M,-0.14%
11-Oct-16,2134.5,2159.5,2160.75,2121.75,2.24M,-1.13%
10-Oct-16,2159,2152,2163.5,2148.5,952.87K,0.58%
7-Oct-16,2146.5,2155.25,2161.5,2138,1.96M,-0.46%
6-Oct-16,2156.5,2153.25,2157.25,2143.25,1.21M,0.15%
5-Oct-16,2153.25,2144.25,2158,2141,1.37M,0.40%
4-Oct-16,2144.75,2153.75,2159.75,2136,2.14M,-0.39%
3-Oct-16,2153.25,2158.75,2164,2146.75,1.41M,-0.34%
30-Sep-16,2160.5,2145.75,2168.25,2135.75,1.99M,0.56%
29-Sep-16,2148.5,2162.25,2167,2137.25,2.31M,-0.68%
28-Sep-16,2163.25,2152,2165.25,2144,1.73M,0.49%
27-Sep-16,2152.75,2139.25,2154,2132.75,1.66M,0.61%
26-Sep-16,2139.75,2156.25,2159.5,2136.75,1.60M,-0.85%
23-Sep-16,2158,2168.25,2169.5,2156,1.45M,-0.47%
22-Sep-16,2168.25,2156.25,2172.75,2152.75,1.52M,0.56%
21-Sep-16,2156.25,2130,2157.5,2126.25,1.83M,1.18%
20-Sep-16,2131,2133.75,2143.5,2129,1.39M,-0.09%
19-Sep-16,2133,2132.25,2146.75,2127.75,1.53M,-0.33%
16-Sep-16,2139.96,2143.75,2144.25,2135.5,57.78K,-0.23%
15-Sep-16,2145,2121.75,2151.5,2114.75,398.40K,1.17%
14-Sep-16,2120.25,2131.75,2141.25,2118.75,661.16K,-0.40%
13-Sep-16,2128.75,2156.25,2157.5,2119,1.20M,-1.38%
12-Sep-16,2158.5,2121.75,2162.75,2107,1.45M,1.68%
9-Sep-16,2122.75,2177.25,2178.25,2119.75,2.07M,-2.51%
8-Sep-16,2177.5,2184.5,2189.25,2175.75,2.11M,-0.32%
7-Sep-16,2184.5,2185.25,2186.75,2177.5,1.46M,0.00%
6-Sep-16,2184.5,2179.25,2186.25,2173,1.63M,0.30%
5-Sep-16,2178,2180.75,2182.25,2175,-,-0.13%
4-Sep-16,2180.75,2178.75,2181.75,2178.25,-,0.13%
2-Sep-16,2178,2166.25,2183.75,2164.25,1.70M,0.50%
1-Sep-16,2167.25,2169,2177.25,2154.75,1.94M,-0.10%
31-Aug-16,2169.5,2175.75,2176.25,2159.5,1.86M,-0.26%
30-Aug-16,2175.25,2180,2181.5,2168.5,1.37M,-0.18%
29-Aug-16,2179.25,2167.75,2182.25,2164.5,1.25M,0.50%
26-Aug-16,2168.5,2174,2186.75,2157.5,2.54M,-0.23%
25-Aug-16,2173.5,2175,2177.25,2167.5,1.50M,-0.07%
24-Aug-16,2175,2185.75,2187.75,2168.75,1.51M,-0.47%
23-Aug-16,2185.25,2180.75,2191.5,2179.25,1.13M,0.17%
22-Aug-16,2181.5,2181.75,2184.5,2173.5,1.54M,-0.01%
19-Aug-16,2181.75,2183.5,2184.25,2172.5,1.43M,-0.08%
18-Aug-16,2183.5,2180.75,2184.5,2176.25,1.20M,0.17%
17-Aug-16,2179.75,2177.5,2182,2165.5,1.70M,0.14%
16-Aug-16,2176.75,2186,2186.25,2175.25,1.39M,-0.42%
15-Aug-16,2186,2180.75,2190.75,2180.5,1.09M,0.26%
12-Aug-16,2180.25,2181.75,2184,2175.5,1.27M,-0.07%
11-Aug-16,2181.75,2172.5,2185.25,2170,1.33M,0.41%
10-Aug-16,2172.75,2178,2181.5,2167.75,1.37M,-0.22%
9-Aug-16,2177.5,2176,2183.5,2173.75,1.19M,0.09%
8-Aug-16,2175.5,2176,2183,2173.25,938.62K,-0.06%
5-Aug-16,2176.75,2159.5,2178.5,2159.25,1.36M,0.81%
4-Aug-16,2159.25,2156.75,2164.25,2154,1.24M,0.10%
3-Aug-16,2157,2152.25,2158.25,2145.25,1.36M,0.20%
2-Aug-16,2152.75,2166,2171,2141.5,1.96M,-0.54%
1-Aug-16,2164.5,2174,2177.75,2159.75,1.65M,-0.17%
29-Jul-16,2168.25,2165.5,2171.75,2157.5,1.69M,0.16%
28-Jul-16,2164.75,2162.75,2168.5,2153.5,1.62M,0.20%
27-Jul-16,2160.5,2166,2169.25,2152,1.63M,-0.13%
26-Jul-16,2163.25,2162.75,2168,2153.75,1.60M,0.05%
25-Jul-16,2162.25,2167.75,2172.5,2155.75,1.26M,-0.24%
22-Jul-16,2167.5,2159,2169.25,2156,1.12M,0.44%
21-Jul-16,2158,2168.25,2170.25,2153.5,1.30M,-0.44%
20-Jul-16,2167.5,2159,2169.75,2155.25,1.13M,0.41%
19-Jul-16,2158.75,2160,2160.75,2151.25,1.15M,-0.06%
18-Jul-16,2160,2154.5,2163.25,2152.75,1.19M,0.34%
15-Jul-16,2152.75,2156.5,2164.75,2143.25,1.49M,-0.21%
14-Jul-16,2157.25,2145.25,2168,2142.75,1.78M,0.52%
13-Jul-16,2146,2145.75,2152.25,2139.5,1.61M,0.01%
12-Jul-16,2145.75,2130.75,2149.25,2128.5,1.69M,0.73%
11-Jul-16,2130.25,2120.25,2136.75,2120,1.46M,0.46%
8-Jul-16,2120.5,2092,2125.5,2087.5,1.94M,1.36%
7-Jul-16,2092,2092,2102,2081.75,1.67M,-0.10%
6-Jul-16,2094,2084,2094.5,2065.75,2.05M,0.54%
5-Jul-16,2082.75,2099.75,2104.75,2072.5,1.86M,-0.67%
4-Jul-16,2096.88,2094.5,2104.75,2094.25,-,0.13%
3-Jul-16,2094.25,2099.25,2099.75,2094.25,-,-0.10%
1-Jul-16,2096.25,2086.5,2100.75,2081.5,1.65M,0.29%
30-Jun-16,2090.25,2072.25,2091.25,2056.5,2.30M,1.14%
29-Jun-16,2066.75,2028.25,2074.75,2022.75,2.05M,1.89%
28-Jun-16,2028.5,1982.5,2029.75,1982.25,2.27M,2.19%
27-Jun-16,1985,2013.75,2022.5,1981.5,2.97M,-1.66%
24-Jun-16,2018.5,2115.75,2119.5,1999,4.14M,-4.14%
23-Jun-16,2105.75,2083,2113.25,2083,1.31M,1.40%
22-Jun-16,2076.75,2079.25,2091.25,2075.25,1.40M,-0.18%
21-Jun-16,2080.5,2079,2086,2074,1.39M,0.30%
20-Jun-16,2074.25,2071,2092.5,2070.25,1.59M,-0.20%
17-Jun-16,2078.5,2077.75,2083,2073.75,52.55K,-0.04%
16-Jun-16,2079.25,2070.5,2080,2050,426.22K,0.36%
15-Jun-16,2071.75,2072.75,2086.25,2068.75,609.85K,-0.13%
14-Jun-16,2074.5,2077,2081.75,2063.25,1.16M,-0.20%
13-Jun-16,2078.75,2089.25,2098.25,2075.75,1.22M,-0.83%
10-Jun-16,2096.25,2113.75,2114,2088.5,1.24M,-0.85%
9-Jun-16,2114.25,2117.75,2118.5,2106.25,1.64M,-0.18%
8-Jun-16,2118,2110.25,2119.75,2106.5,1.31M,0.37%
7-Jun-16,2110.25,2108.25,2118,2106.5,1.13M,0.09%
6-Jun-16,2108.25,2097.5,2112.25,2094,1.27M,0.50%
3-Jun-16,2097.75,2103.5,2106,2082.75,1.75M,-0.29%
2-Jun-16,2103.75,2096.75,2104.75,2086.75,1.30M,0.27%
1-Jun-16,2098,2094,2099.25,2083.25,1.32M,0.14%
31-May-16,2095,2100,2103.75,2086,1.63M,-0.30%
30-May-16,2101.25,2101.25,2103.75,2099.75,-,-0.01%
29-May-16,2101.5,2099.62,2103.25,2099.5,-,0.20%
27-May-16,2097.25,2090.5,2098.75,2088,1.04M,0.36%
26-May-16,2089.75,2088.75,2091.75,2082.5,968.44K,0.12%
25-May-16,2087.25,2075,2092.5,2073.5,1.44M,0.59%
24-May-16,2075,2045,2077.25,2041.25,1.60M,1.45%
23-May-16,2045.25,2053.25,2056,2043.5,1.18M,-0.23%
20-May-16,2050,2038.75,2055.5,2037.25,1.58M,0.55%
19-May-16,2038.75,2043.5,2044.75,2022,2.06M,-0.13%
18-May-16,2041.5,2043.75,2057.75,2030.75,2.09M,-0.10%
17-May-16,2043.5,2062,2069.5,2036.75,1.99M,-0.93%
16-May-16,2062.75,2041.25,2068.5,2035,1.42M,0.94%
13-May-16,2043.5,2059.25,2063.5,2038.5,1.88M,-0.74%
12-May-16,2058.75,2059,2072.75,2048.5,1.80M,0.04%
11-May-16,2058,2077.25,2078.75,2057.5,1.47M,-0.94%
10-May-16,2077.5,2054,2079.75,2048,1.42M,1.13%
9-May-16,2054.25,2053,2059.75,2048.25,1.37M,0.07%
6-May-16,2052.75,2043.5,2054.5,2030.5,1.81M,0.43%
5-May-16,2044,2046.5,2060,2039.5,1.43M,-0.15%
4-May-16,2047,2057.5,2060.25,2039,1.56M,-0.49%
3-May-16,2057,2075.5,2076.25,2048,1.83M,-0.83%
2-May-16,2074.25,2060.75,2077.5,2055.5,1.31M,0.74%
29-Apr-16,2059,2073.75,2076,2045.75,2.42M,-0.65%
28-Apr-16,2072.5,2092.5,2094.25,2065.25,1.94M,-0.87%
27-Apr-16,2090.75,2082.25,2094,2076.25,1.42M,0.11%
26-Apr-16,2088.5,2084.25,2091.25,2079.5,1.23M,0.25%
25-Apr-16,2083.25,2091.5,2091.5,2071,1.28M,-0.13%
22-Apr-16,2086,2079.75,2089,2075,1.50M,0.16%
21-Apr-16,2082.75,2097.75,2104,2078.75,1.64M,-0.73%
20-Apr-16,2098,2094.25,2105.25,2085.75,1.46M,0.20%
19-Apr-16,2093.75,2085.25,2098.5,2084.75,1.57M,0.34%
18-Apr-16,2086.75,2064.25,2088.75,2058.5,1.40M,0.57%
15-Apr-16,2075,2077.75,2080,2069.5,1.23M,-0.07%
14-Apr-16,2076.5,2076.25,2081.75,2068.5,1.36M,0.02%
13-Apr-16,2076,2055.25,2077,2054,1.64M,0.99%
12-Apr-16,2055.75,2032.5,2058.5,2029.25,1.83M,1.04%
11-Apr-16,2034.5,2041,2056.5,2032.5,1.68M,-0.31%
8-Apr-16,2040.75,2034.5,2054.25,2030.25,1.77M,0.28%
7-Apr-16,2035,2059.75,2062,2026,2.05M,-1.23%
6-Apr-16,2060.25,2042,2060.5,2035,1.89M,1.05%
5-Apr-16,2038.75,2055.5,2055.5,2034.25,1.83M,-0.91%
4-Apr-16,2057.5,2064,2071.5,2054.25,1.38M,-0.36%
1-Apr-16,2065,2052.75,2067,2035.25,2.05M,0.66%
31-Mar-16,2051.5,2055.5,2059.75,2047.25,1.74M,-0.18%
30-Mar-16,2055.25,2048.5,2064.5,2046.75,1.63M,0.38%
29-Mar-16,2047.5,2027.75,2049.25,2019.25,1.55M,0.96%
28-Mar-16,2028,2030.25,2039.75,2022,907.83K,-0.02%
24-Mar-16,2028.5,2028,2030.25,2012.25,1.52M,-0.01%
23-Mar-16,2028.75,2043,2045.25,2025.25,1.56M,-0.67%
22-Mar-16,2042.5,2043.25,2047.5,2028.75,1.50M,-0.01%
21-Mar-16,2042.75,2036.5,2044.5,2031,1.28M,-0.36%
18-Mar-16,2050.07,2041.5,2048.75,2037,52.56K,0.51%
17-Mar-16,2039.75,2026.75,2046.75,2015.75,479.14K,0.63%
16-Mar-16,2027,2016.25,2032.25,2006.5,580.25K,0.56%
15-Mar-16,2015.75,2019,2019.5,2004.5,923.45K,-0.15%
14-Mar-16,2018.75,2019.25,2024.5,2012,880.36K,-0.06%
11-Mar-16,2020,1988.5,2022.25,1987.5,1.22M,1.57%
10-Mar-16,1988.75,1990,2010.25,1967.25,2.74M,-0.01%
9-Mar-16,1989,1981.75,1994,1978,1.74M,0.40%
8-Mar-16,1981,1999,2000.25,1976,1.93M,-0.90%
7-Mar-16,1999,1994.5,2004.5,1984.5,1.63M,0.20%
4-Mar-16,1995,1991,2007.5,1984,2.25M,0.23%
3-Mar-16,1990.5,1981.75,1992.5,1974.75,1.56M,0.35%
2-Mar-16,1983.5,1976.25,1984.75,1966.25,1.82M,0.28%
1-Mar-16,1978,1928,1978.5,1920.75,2.04M,2.51%
29-Feb-16,1929.5,1943,1956.25,1926.5,1.83M,-0.68%
26-Feb-16,1942.75,1949,1968.75,1941.25,1.88M,-0.40%
25-Feb-16,1950.5,1933,1951.5,1920.25,1.84M,1.05%
24-Feb-16,1930.25,1914,1933.75,1886.75,2.32M,0.74%
23-Feb-16,1916,1934,1938,1913.75,1.60M,-1.05%
22-Feb-16,1936.25,1911,1943.75,1908.25,1.43M,1.14%
19-Feb-16,1914.5,1917.5,1922.75,1898.5,1.62M,-0.10%
18-Feb-16,1916.5,1926.75,1933.5,1911.25,1.62M,-0.33%
17-Feb-16,1922.75,1888.25,1928,1881.5,1.85M,1.80%
16-Feb-16,1888.75,1865.25,1892.75,1865,2.03M,0.29%
15-Feb-16,1883.25,1869.38,1890,1868,-,0.74%
14-Feb-16,1869.5,1865.75,1871,1865.25,-,0.61%
12-Feb-16,1858.25,1827.25,1860.75,1822.5,2.02M,1.85%
11-Feb-16,1824.5,1842.25,1847.25,1802.5,3.20M,-1.20%
10-Feb-16,1846.75,1850,1877.75,1838.5,2.36M,-0.08%
9-Feb-16,1848.25,1849.75,1863.75,1825.75,2.79M,-0.20%
8-Feb-16,1852,1876.25,1884.5,1821.75,2.67M,-1.24%
5-Feb-16,1875.25,1905.25,1914.5,1865.75,2.32M,-1.70%
4-Feb-16,1907.75,1907.75,1922.25,1890.25,2.26M,-0.04%
3-Feb-16,1908.5,1895,1912.25,1865,2.85M,0.58%
2-Feb-16,1897.5,1928.5,1929.25,1889,2.10M,-1.75%
1-Feb-16,1931.25,1929.75,1940,1912.5,1.75M,0.06%
29-Jan-16,1930,1878.75,1933,1876.5,2.41M,2.62%
28-Jan-16,1880.75,1880,1902.5,1865.75,2.25M,0.31%
27-Jan-16,1875,1885.25,1910,1864.5,2.11M,-1.11%
26-Jan-16,1896,1871.75,1899.75,1851.25,1.78M,1.38%
25-Jan-16,1870.25,1899.5,1904.25,1855.75,1.64M,-1.53%
22-Jan-16,1899.25,1858.5,1902.25,1855.75,2.11M,2.06%
21-Jan-16,1861,1854.75,1883.25,1836.25,2.73M,0.32%
20-Jan-16,1855,1871.75,1878.5,1804.25,3.93M,-0.96%
19-Jan-16,1873,1869.75,1907.5,1856.25,2.80M,-0.07%
18-Jan-16,1874.25,1869,1890,1865.75,-,0.29%
17-Jan-16,1868.88,1869.75,1873,1860,-,-0.33%
15-Jan-16,1875,1913.5,1921,1849.25,3.44M,-2.06%
14-Jan-16,1914.5,1883.75,1927.5,1871,3.05M,1.75%
13-Jan-16,1881.5,1922.5,1946.5,1878,2.90M,-2.26%
12-Jan-16,1925,1913.5,1940.25,1899,2.43M,0.56%
11-Jan-16,1914.25,1909.25,1929,1892.5,2.49M,0.14%
8-Jan-16,1911.5,1936.5,1964.75,1910,2.69M,-1.11%
7-Jan-16,1933,1987.75,1991,1928.5,2.97M,-2.67%
6-Jan-16,1986,2010.75,2013.25,1970.5,2.24M,-1.28%
5-Jan-16,2011.75,2009,2017,1992.25,1.69M,0.14%
4-Jan-16,2009,2037.75,2043.5,1980.25,2.22M,-1.30%
31-Dec-15,2035.5,2055.25,2057.75,2030.25,1.03M,-0.92%
30-Dec-15,2054.5,2072,2075,2053.5,720.60K,-0.88%
29-Dec-15,2072.75,2049.75,2074.5,2047.5,832.69K,1.17%
28-Dec-15,2048.75,2051.25,2054.5,2035.25,696.45K,-0.12%
24-Dec-15,2051.25,2052.75,2059.75,2049,325.21K,-0.09%
23-Dec-15,2053,2034,2057.75,2030.75,1.00M,0.83%
22-Dec-15,2036,2017,2036.5,2007.25,1.14M,1.04%
21-Dec-15,2015,1997.25,2019.5,1995.25,1.28M,-0.73%
18-Dec-15,2029.72,2033.25,2040.25,2022,63.21K,-0.22%
17-Dec-15,2034.25,2069.75,2082.25,2032.5,408.50K,-1.82%
16-Dec-15,2072,2046,2077,2040,575.72K,1.30%
15-Dec-15,2045.5,2021.75,2054,2019,1.04M,1.34%
14-Dec-15,2018.5,2008,2028.25,1992.25,1.27M,0.44%
11-Dec-15,2009.75,2050.75,2056.25,2005,1.58M,-1.93%
10-Dec-15,2049.25,2045.75,2067,2043.75,1.81M,0.36%
9-Dec-15,2042,2059.5,2079.75,2034.25,2.69M,-0.81%
8-Dec-15,2058.75,2080,2081.5,2050.25,2.01M,-1.07%
7-Dec-15,2081,2092.25,2095.5,2064.5,1.70M,-0.36%
4-Dec-15,2088.5,2053.25,2093,2046.75,2.27M,1.82%
3-Dec-15,2051.25,2083.25,2095.25,2040,2.66M,-1.45%
2-Dec-15,2081.5,2099.5,2105,2075,1.73M,-0.88%
1-Dec-15,2100,2085.5,2101.5,2083.5,1.48M,0.97%
30-Nov-15,2079.75,2089.5,2095,2078.5,1.39M,-0.49%
27-Nov-15,2090,2089.5,2098.25,2081.5,653.39K,-0.27%
26-Nov-15,2095.75,2089.5,2098.25,2088.5,-,0.37%
25-Nov-15,2088,2084,2092.5,2082.25,746.32K,0.16%
24-Nov-15,2084.75,2083,2091.5,2065.5,1.52M,0.02%
23-Nov-15,2084.25,2089.75,2093,2078.25,976.10K,-0.22%
20-Nov-15,2088.75,2078.25,2094.5,2076,1.27M,0.46%
19-Nov-15,2079.25,2078.25,2089.25,2075.25,1.28M,-0.02%
18-Nov-15,2079.75,2049.75,2082.5,2043,1.54M,1.50%
17-Nov-15,2049,2047.75,2063.5,2041.5,1.62M,0.05%
16-Nov-15,2048,2006.5,2051,1998.5,1.71M,1.46%
13-Nov-15,2018.5,2040.5,2046,2011.5,2.13M,-1.08%
12-Nov-15,2040.5,2068.5,2077.5,2039.5,1.81M,-1.38%
11-Nov-15,2069,2076.5,2087.25,2067.75,1.17M,-0.43%
10-Nov-15,2078,2072.25,2079,2064.5,1.29M,0.24%
9-Nov-15,2073,2092,2097.75,2062,1.86M,-0.99%
6-Nov-15,2093.75,2094.75,2099,2077.5,1.85M,-0.01%
5-Nov-15,2094,2095.5,2104.75,2084,1.54M,-0.04%
4-Nov-15,2094.75,2102.5,2109.75,2090.5,1.55M,-0.39%
3-Nov-15,2103,2093.25,2110.25,2089,1.35M,0.36%
2-Nov-15,2095.5,2073,2100,2064.25,1.28M,1.05%
30-Oct-15,2073.75,2084.75,2094.75,2069.75,1.75M,-0.44%
29-Oct-15,2083,2081,2086.5,2073.25,1.41M,-0.07%
28-Oct-15,2084.5,2062,2085.25,2055.5,1.89M,1.16%
27-Oct-15,2060.5,2063.75,2064.75,2051.25,1.24M,-0.08%
26-Oct-15,2062.25,2066,2068,2057.5,1.18M,-0.18%
23-Oct-15,2066,2054.25,2074.5,2053.25,2.07M,0.63%
22-Oct-15,2053,2010.5,2056,2008.5,2.10M,2.22%
21-Oct-15,2008.5,2019.75,2034.25,2007.5,1.79M,-0.59%
20-Oct-15,2020.5,2026.5,2031.5,2018.5,1.28M,-0.35%
19-Oct-15,2027.5,2024.5,2028,2014.25,1.31M,0.10%
16-Oct-15,2025.5,2018.25,2026.5,2012.25,1.36M,0.32%
15-Oct-15,2019,1985.75,2019.5,1985,1.73M,1.76%
14-Oct-15,1984,1991.5,2001.75,1982.5,1.78M,-0.50%
13-Oct-15,1994,2012,2014.75,1991.25,1.52M,-0.85%
12-Oct-15,2011,2005.25,2014,2001.75,804.58K,0.17%
9-Oct-15,2007.5,2004,2014,1998.75,1.38M,0.05%
8-Oct-15,2006.5,1987.75,2008.75,1971,1.80M,0.97%
7-Oct-15,1987.25,1961,1991.25,1960.5,1.94M,0.95%
6-Oct-15,1968.5,1973,1982.25,1962.5,1.61M,-0.32%
5-Oct-15,1974.75,1941,1980,1937.25,1.68M,1.63%
2-Oct-15,1943,1917,1943.75,1883,2.47M,1.37%
1-Oct-15,1916.75,1902.5,1929.5,1890.25,2.05M,0.42%
30-Sep-15,1908.75,1875,1910.5,1871.25,2.22M,1.83%
29-Sep-15,1874.5,1876.25,1889.75,1861,2.37M,0.13%
28-Sep-15,1872,1915.5,1929.75,1868.75,2.35M,-2.46%
25-Sep-15,1919.25,1913.25,1951,1910.25,2.08M,0.03%
24-Sep-15,1918.75,1931.75,1936.25,1897.25,2.22M,-0.51%
23-Sep-15,1928.5,1930.5,1941.75,1910.5,1.42M,-0.18%
22-Sep-15,1932,1964.25,1965,1917.75,1.99M,-1.58%
21-Sep-15,1963,1949.25,1969,1938.5,1.51M,-0.36%
18-Sep-15,1970.1,1988,1993.75,1954.75,85.62K,-0.89%
17-Sep-15,1987.75,1997,2021.5,1982.5,522.53K,-0.53%
16-Sep-15,1998.25,1979.75,1999,1972.75,595.80K,0.93%
15-Sep-15,1979.75,1953.25,1983,1945,1.03M,1.32%
14-Sep-15,1954,1963.75,1974.25,1946.5,893.37K,-0.32%
11-Sep-15,1960.25,1949.5,1962.5,1937.25,1.05M,0.55%
10-Sep-15,1949.5,1943.75,1967.25,1928.5,2.27M,0.35%
9-Sep-15,1942.75,1966.5,1992,1935.5,2.14M,-1.17%
8-Sep-15,1965.75,1916.75,1968.75,1915.75,1.88M,1.38%
7-Sep-15,1938.95,1925.5,1944.15,1919.65,-,0.69%
6-Sep-15,1925.75,1917.38,1928.88,1916.95,-,0.21%
4-Sep-15,1921.75,1947.25,1949.25,1907.75,2.14M,-1.25%
3-Sep-15,1946,1947.5,1973.5,1942,2.05M,-0.05%
2-Sep-15,1947,1913.5,1949,1907.25,2.18M,1.62%
1-Sep-15,1916,1965.5,1966.25,1898.75,2.82M,-2.70%
31-Aug-15,1969.25,1986.25,1987.75,1959.25,1.88M,-1.03%
28-Aug-15,1989.75,1988.25,1992.75,1967.25,1.97M,0.03%
27-Aug-15,1989.25,1941.25,1990.25,1934.5,2.94M,2.64%
26-Aug-15,1938,1876,1943,1850.5,3.53M,3.48%
25-Aug-15,1872.75,1872.75,1948.5,1860,3.66M,0.08%
24-Aug-15,1871.25,1964.5,1964.75,1831,5.26M,-5.08%
21-Aug-15,1971.5,2026.25,2029,1967.25,4.17M,-2.67%
20-Aug-15,2025.5,2073.5,2077.75,2024.5,2.58M,-2.28%
19-Aug-15,2072.75,2093.25,2098,2066.5,2.29M,-1.01%
18-Aug-15,2094,2098.25,2103.75,2090.25,1.14M,-0.25%
17-Aug-15,2099.25,2089.5,2100.5,2074.75,1.29M,0.47%
14-Aug-15,2089.5,2079.25,2090.5,2073.75,1.07M,0.43%
13-Aug-15,2080.5,2082.75,2093,2073.25,1.50M,-0.18%
12-Aug-15,2084.25,2080.75,2085.25,2046.5,2.36M,0.22%
11-Aug-15,2079.75,2100.75,2101.75,2070.75,1.78M,-0.95%
10-Aug-15,2099.75,2072,2101.25,2071.75,1.20M,1.27%
7-Aug-15,2073.5,2080,2082.75,2062,1.60M,-0.29%
6-Aug-15,2079.5,2094,2099.25,2070,1.61M,-0.68%
5-Aug-15,2093.75,2082.5,2107,2082.25,1.38M,0.52%
4-Aug-15,2083,2090.5,2096.25,2081.5,1.33M,-0.38%
3-Aug-15,2091,2098.75,2102.5,2080,1.51M,-0.36%
31-Jul-15,2098.5,2101.75,2109.25,2095.25,1.60M,-0.25%
30-Jul-15,2103.75,2099.5,2104.25,2087.75,1.29M,0.11%
29-Jul-15,2101.5,2088,2104.25,2084.5,1.40M,0.68%
28-Jul-15,2087.25,2065.5,2089,2061.5,1.73M,1.10%
27-Jul-15,2064.5,2078.25,2080.75,2056.5,1.78M,-0.63%
24-Jul-15,2077.5,2101,2104,2069.75,1.67M,-1.00%
23-Jul-15,2098.5,2109.25,2113.75,2091.5,1.44M,-0.45%
22-Jul-15,2108,2107.75,2112,2102.25,1.22M,-0.31%
21-Jul-15,2114.5,2121.25,2125,2106.75,1.21M,-0.35%
20-Jul-15,2122,2118,2126.25,2116.5,937.63K,0.15%
17-Jul-15,2118.75,2117,2120,2112.75,903.69K,0.08%
16-Jul-15,2117,2104,2118.5,2102.75,1.11M,0.61%
15-Jul-15,2104.25,2102.5,2107.75,2095,1.15M,0.11%
14-Jul-15,2102,2094,2105.5,2090.5,955.52K,0.36%
13-Jul-15,2094.5,2054.75,2094.75,2052,1.33M,1.23%
10-Jul-15,2069,2044.75,2074.75,2044.75,1.57M,1.36%
9-Jul-15,2041.25,2039.75,2068,2038.25,1.98M,0.10%
8-Jul-15,2039.25,2073,2073.25,2036.25,2.39M,-1.66%
7-Jul-15,2073.75,2067.75,2078,2035,2.53M,0.45%
6-Jul-15,2064.5,2037.25,2071.75,2034.25,1.97M,-0.08%
3-Jul-15,2066.05,2068.05,2071.95,2063.45,-,-0.13%
2-Jul-15,2068.75,2071.5,2079,2062.25,1.25M,-0.11%
1-Jul-15,2071,2054.5,2077.5,2054.5,1.50M,0.80%
30-Jun-15,2054.5,2054.5,2069,2046.75,2.38M,0.20%
29-Jun-15,2050.5,2064,2083.25,2047.25,2.29M,-2.16%
26-Jun-15,2095.75,2094.75,2100.75,2086.25,1.32M,0.08%
25-Jun-15,2094,2101.25,2112.75,2092,1.22M,-0.26%
24-Jun-15,2099.5,2117.5,2118.5,2099,1.16M,-0.80%
23-Jun-15,2116.5,2114.75,2120.5,2111.25,837.13K,0.18%
22-Jun-15,2112.75,2105.75,2122,2103.5,1.10M,-0.21%
19-Jun-15,2117.11,2123.25,2126.5,2118.25,-,-0.28%
18-Jun-15,2123,2097.25,2127.5,2090.5,430.53K,1.22%
17-Jun-15,2097.5,2097.75,2107,2087,550.65K,0.00%
16-Jun-15,2097.5,2083.5,2098.25,2070.5,795.76K,0.65%
15-Jun-15,2084,2087,2089.75,2071.25,1.08M,-0.43%
12-Jun-15,2093,2109,2109.25,2090.25,1.13M,-0.77%
11-Jun-15,2109.25,2106,2114.75,2103.25,1.48M,0.11%
10-Jun-15,2107,2080.75,2108,2080,1.67M,1.30%
9-Jun-15,2080,2080,2084.75,2068.75,1.45M,0.08%
8-Jun-15,2078.25,2092,2093.25,2076.25,1.29M,-0.67%
5-Jun-15,2092.25,2098.75,2102.75,2083.5,1.46M,-0.32%
4-Jun-15,2099,2116.25,2116.5,2091.25,1.72M,-0.80%
3-Jun-15,2116,2107,2120.75,2106.75,1.31M,0.44%
2-Jun-15,2106.75,2111,2116,2094,1.44M,-0.12%
1-Jun-15,2109.25,2107,2117.75,2100.25,1.34M,0.15%
29-May-15,2106,2121.75,2122.75,2102.25,1.69M,-0.74%
28-May-15,2121.75,2120,2122.75,2110.5,1.08M,0.04%
27-May-15,2121,2105.75,2124.25,2101.25,1.29M,0.76%
26-May-15,2105,2124.5,2127,2096,1.59M,-0.82%
25-May-15,2122.45,2125.15,2126.95,2118.65,-,-0.12%
24-May-15,2124.95,2124.45,2126.15,2123.65,-,0.02%
22-May-15,2124.5,2129.25,2131,2122.75,765.94K,-0.16%
21-May-15,2128,2120.75,2132,2115,794.48K,0.26%
20-May-15,2122.5,2124.25,2132.25,2119.25,1.01M,-0.09%
19-May-15,2124.5,2126.75,2134,2121.25,1.00M,-0.07%
18-May-15,2126,2119.25,2128.75,2112.25,917.10K,0.33%
15-May-15,2119,2117.25,2122.75,2113.25,1.02M,0.07%
14-May-15,2117.5,2096,2118.25,2092,1.10M,1.10%
13-May-15,2094.5,2096.25,2106.5,2091.5,1.34M,-0.02%
12-May-15,2095,2097.75,2101,2079.25,1.48M,-0.13%
11-May-15,2097.75,2110,2113.5,2095.75,1.15M,-0.51%
8-May-15,2108.5,2085.25,2113.5,2084,1.38M,1.16%
7-May-15,2084.25,2074.75,2088.25,2057,1.44M,0.48%
6-May-15,2074.25,2085.5,2093.75,2061.25,1.76M,-0.47%
5-May-15,2084,2109.5,2111.75,2081.5,1.59M,-1.20%
4-May-15,2109.25,2101.75,2115,2098,1.00M,0.37%
1-May-15,2101.5,2082.75,2102.5,2080.5,1.02M,1.08%
30-Apr-15,2079,2098.25,2102,2070.25,2.03M,-0.95%
29-Apr-15,2099,2110.75,2112.5,2090.5,1.74M,-0.62%
28-Apr-15,2112,2103.75,2112.5,2088.25,1.48M,0.34%
27-Apr-15,2104.75,2113.25,2119.75,2100.25,1.21M,-0.33%
24-Apr-15,2111.75,2107.5,2114.75,2103,958.31K,0.23%
23-Apr-15,2107,2099.25,2114.5,2087.5,1.36M,0.32%
22-Apr-15,2100.25,2092,2103.75,2080.25,1.19M,0.44%
21-Apr-15,2091,2089.5,2105.25,2087.25,1.05M,0.00%
20-Apr-15,2091,2081,2097.5,2078.5,1.12M,0.75%
17-Apr-15,2075.5,2101.25,2101.75,2064.5,1.82M,-1.20%
16-Apr-15,2100.75,2101.5,2104.75,2089,1.11M,0.05%
15-Apr-15,2099.75,2091.75,2105.5,2087.25,1.05M,0.42%
14-Apr-15,2091,2087,2092.75,2075.75,1.27M,0.22%
13-Apr-15,2086.5,2095.25,2101.25,2085.25,1.08M,-0.43%
10-Apr-15,2095.5,2086,2096.25,2083,880.53K,0.47%
9-Apr-15,2085.75,2077.75,2087,2066.75,1.21M,0.47%
8-Apr-15,2076,2068.5,2080.25,2064.5,1.22M,0.40%
7-Apr-15,2067.75,2071.5,2082.75,2066,1.05M,-0.27%
6-Apr-15,2073.25,2039.5,2080,2038.75,948.45K,0.67%
3-Apr-15,2059.5,2060,2063.75,2038,95.92K,0.00%
2-Apr-15,2059.5,2055.25,2064.75,2044,1.05M,0.32%
1-Apr-15,2053,2058,2060.75,2033.5,1.82M,-0.38%
31-Mar-15,2060.75,2074.75,2076.75,2056.25,1.60M,-0.71%
30-Mar-15,2075.5,2052.75,2081.75,2047.25,1.24M,1.12%
27-Mar-15,2052.5,2050,2057.75,2041,1.16M,0.20%
26-Mar-15,2048.5,2056,2058.75,2033.25,1.84M,-0.26%
25-Mar-15,2053.75,2085.25,2089.25,2052.25,1.78M,-1.50%
24-Mar-15,2085,2094,2101,2083,1.19M,-0.47%
23-Mar-15,2094.75,2097.75,2107,2093.25,957.58K,-0.20%
20-Mar-15,2099.02,2088.5,2105.5,2086.5,-,0.41%
19-Mar-15,2090.5,2101,2107.25,2085,341.01K,-0.48%
18-Mar-15,2100.5,2074.25,2107.75,2060.5,644.41K,1.25%
17-Mar-15,2074.5,2074.5,2078.75,2064.25,953.28K,-0.10%
16-Mar-15,2076.5,2050.75,2081.75,2044.5,946.44K,1.31%
13-Mar-15,2049.75,2064.25,2068.75,2040,1.21M,-0.69%
12-Mar-15,2064,2042,2066.5,2038.25,1.63M,1.20%
11-Mar-15,2039.5,2044.25,2052.25,2038.25,1.71M,-0.12%
10-Mar-15,2042,2077.5,2078,2041.25,1.90M,-1.72%
9-Mar-15,2077.75,2073.5,2082.5,2066,1.19M,0.34%
6-Mar-15,2070.75,2099.5,2103.5,2065.5,1.90M,-1.38%
5-Mar-15,2099.75,2096.5,2103.5,2093.25,1.10M,0.16%
4-Mar-15,2096.5,2104.75,2104.75,2085.25,1.49M,-0.39%
3-Mar-15,2104.75,2114,2114.5,2095.5,1.36M,-0.44%
2-Mar-15,2114,2104,2115.5,2100.5,1.08M,0.54%
27-Feb-15,2102.75,2109.5,2111,2100.75,1.21M,-0.34%
26-Feb-15,2110,2110.5,2114.75,2101.5,1.18M,-0.01%
25-Feb-15,2110.25,2113.75,2117.75,2107.25,974.71K,-0.17%
24-Feb-15,2113.75,2106.25,2115.75,2102.75,1.08M,0.33%
23-Feb-15,2106.75,2107.25,2108.25,2099.75,849.70K,-0.01%
20-Feb-15,2107,2096,2108.75,2082.25,1.65M,0.56%
19-Feb-15,2095.25,2095.25,2099.5,2087.25,1.14M,-0.01%
18-Feb-15,2095.5,2096.5,2098.5,2088.5,1.09M,-0.02%
17-Feb-15,2096,2091.25,2098.75,2080.75,1.23M,0.57%
16-Feb-15,2084.15,2089.45,2093.65,2081.65,-,-0.26%
15-Feb-15,2089.65,2091.65,2093.65,2089.65,-,-0.18%
13-Feb-15,2093.5,2083,2095,2081.5,1.22M,0.46%
12-Feb-15,2084,2071.5,2085.5,2058.5,1.43M,0.88%
11-Feb-15,2065.75,2062.75,2079.5,2053.25,1.30M,0.17%
10-Feb-15,2062.25,2043.75,2066.5,2040.5,1.40M,0.97%
9-Feb-15,2042.5,2050,2051.75,2036.5,878.10K,-0.51%
6-Feb-15,2053,2056.25,2068,2044.5,788.33K,-0.10%
5-Feb-15,2055,2025,2058.75,2020.75,1.34M,1.23%
4-Feb-15,2030,2040.5,2049.25,2022.75,1.70M,-0.59%
3-Feb-15,2042,2015,2044,2007,1.71M,1.24%
2-Feb-15,2017,1990.5,2018.5,1973.75,2.04M,1.43%
30-Jan-15,1988.5,2019.25,2020.5,1986.25,2.35M,-1.49%
29-Jan-15,2018.5,1993.5,2020,1982,2.12M,1.36%
28-Jan-15,1991.5,2036.5,2046.5,1991.25,2.09M,-1.90%
27-Jan-15,2030,2054,2054.75,2013.25,1.96M,-1.14%
26-Jan-15,2053.5,2035,2055,2025.5,1.26M,0.46%
23-Jan-15,2044,2056.5,2062.5,2042.25,1.35M,-0.61%
22-Jan-15,2056.5,2026.75,2059.25,2019.25,1.83M,1.48%
21-Jan-15,2026.5,2015.75,2032.75,2005.25,1.64M,0.48%
20-Jan-15,2016.75,2013.5,2026.5,1997.5,1.81M,0.34%
19-Jan-15,2009.95,2010.45,2023.65,2003.15,-,-0.03%
18-Jan-15,2010.65,2013.65,2013.65,2008.55,-,-0.12%
16-Jan-15,2013,1980.75,2014.25,1970.25,2.02M,1.21%
15-Jan-15,1989,2009.75,2027.25,1978.25,2.26M,-0.92%
14-Jan-15,2007.5,2017.25,2019.5,1981.25,2.52M,-0.42%
13-Jan-15,2016,2023.75,2051.75,2001,2.50M,-0.32%
12-Jan-15,2022.5,2034.5,2048.25,2015.25,1.62M,-0.63%
9-Jan-15,2035.25,2053.75,2062,2031.25,1.91M,-0.96%
8-Jan-15,2055,2020.5,2058.5,2020.25,1.56M,1.76%
7-Jan-15,2019.5,1996.5,2023.75,1995.75,1.76M,1.25%
6-Jan-15,1994.5,2019,2023.5,1984.25,2.35M,-1.07%
5-Jan-15,2016,2045.75,2048.25,2009.5,2.03M,-1.48%
2-Jan-15,2046.25,2055,2067.25,2038.75,1.36M,-0.62%
1-Jan-15,2058.95,2051.65,2059.15,2051.65,-,0.31%
31-Dec-14,2052.5,2076.25,2082.75,2050.75,836.22K,-1.17%
30-Dec-14,2076.75,2087.5,2088.5,2073,718.03K,-0.43%
29-Dec-14,2085.75,2086,2088.75,2076,636.35K,0.07%
26-Dec-14,2084.25,2078.75,2088.75,2078.5,309.28K,0.10%
25-Dec-14,2082.15,2078.55,2082.15,2078.55,-,0.16%
24-Dec-14,2078.75,2078.75,2083.5,2077,235.05K,-0.01%
23-Dec-14,2079,2073,2084.5,2071.5,777.81K,0.31%
22-Dec-14,2072.5,2065,2076,2064,858.55K,0.56%
19-Dec-14,2061.01,2066,2079.75,2061.25,82.35K,-0.19%
18-Dec-14,2065,2013.75,2068,2010.75,538.25K,2.52%
17-Dec-14,2014.25,1973.5,2017,1972.75,785.29K,2.17%
16-Dec-14,1971.5,1991.25,2018,1968.25,1.22M,-0.93%
15-Dec-14,1990,1998.75,2019.25,1981.5,1.13M,-0.36%
12-Dec-14,1997.25,2029.5,2032.25,1996.5,1.49M,-1.66%
11-Dec-14,2031,2026.25,2056.5,2023.75,2.26M,0.22%
10-Dec-14,2026.5,2057.75,2060,2023.25,2.38M,-1.51%
9-Dec-14,2057.5,2060.25,2062.25,2033.25,1.89M,-0.10%
8-Dec-14,2059.5,2075.75,2077.5,2053.75,1.41M,-0.79%
5-Dec-14,2076,2071.75,2079,2068.5,1.15M,0.19%
4-Dec-14,2072,2073,2077.25,2061.25,1.37M,-0.02%
3-Dec-14,2072.5,2066.5,2076,2063.25,925.31K,0.31%
2-Dec-14,2066,2051,2068,2050.75,1.15M,0.74%
1-Dec-14,2050.75,2063.25,2064,2048.25,1.47M,-0.75%
28-Nov-14,2066.25,2074,2074.75,2063.5,783.12K,-0.23%
27-Nov-14,2070.95,2072.55,2074.65,2068.45,-,-0.06%
26-Nov-14,2072.25,2068.25,2075.25,2065.25,743.54K,0.23%
25-Nov-14,2067.5,2067.25,2073,2062.75,977.86K,0.00%
24-Nov-14,2067.5,2062.25,2069,2060.75,793.92K,0.28%
21-Nov-14,2061.75,2052.25,2072.25,2049.75,1.63M,0.48%
20-Nov-14,2052,2047,2052.75,2035.25,1.13M,0.23%
19-Nov-14,2047.25,2048.75,2050.5,2037.75,1.19M,-0.06%
18-Nov-14,2048.5,2039.25,2054,2035.75,1.15M,0.43%
17-Nov-14,2039.75,2038.5,2040.5,2025.25,1.06M,0.09%
14-Nov-14,2038,2033,2039.75,2032,1.05M,0.20%
13-Nov-14,2034,2034.75,2043.75,2026.75,1.54M,-0.10%
12-Nov-14,2036,2036.5,2037.25,2026.75,1.08M,-0.02%
11-Nov-14,2036.5,2033.75,2039,2031,779.71K,0.12%
10-Nov-14,2034,2025.75,2035,2021,967.81K,0.39%
7-Nov-14,2026,2027.25,2033.5,2020.5,1.28M,-0.10%
6-Nov-14,2028,2018.5,2029.25,2010.75,1.43M,0.46%
5-Nov-14,2018.75,2006.25,2020.5,2003.75,1.57M,0.66%
4-Nov-14,2005.5,2010.5,2013.75,1995.25,1.52M,-0.27%
3-Nov-14,2011,2011.25,2019.25,2007,1.36M,-0.02%
31-Oct-14,2011.5,1987.75,2016.75,1986.75,1.92M,1.16%
30-Oct-14,1988.5,1971.75,1994.25,1959.25,1.98M,0.82%
29-Oct-14,1972.25,1976,1985.75,1962,1.90M,-0.39%
28-Oct-14,1980,1957.75,1980.75,1956.75,1.57M,1.18%
27-Oct-14,1957,1960.25,1965.75,1944.5,1.45M,-0.14%
24-Oct-14,1959.75,1946,1961.25,1931.75,1.60M,0.71%
23-Oct-14,1946,1924.5,1956.25,1922.25,2.01M,1.09%
22-Oct-14,1925,1938.25,1943.75,1920.25,2.02M,-0.67%
21-Oct-14,1938,1903.5,1939.75,1885.75,2.24M,2.00%
20-Oct-14,1900,1884,1904.5,1872.25,1.65M,1.01%
17-Oct-14,1881,1853,1891.75,1851,2.58M,1.65%
16-Oct-14,1850.5,1846.75,1869.75,1815.25,3.37M,0.20%
15-Oct-14,1846.75,1878.25,1883.25,1813,4.66M,-1.49%
14-Oct-14,1874.75,1866.25,1892.75,1864.75,3.11M,0.50%
13-Oct-14,1865.5,1892,1906,1863.75,2.95M,-1.52%
10-Oct-14,1894.25,1917,1931.25,1893.25,3.07M,-1.60%
9-Oct-14,1925,1961.5,1968.5,1915.25,3.10M,-1.87%
8-Oct-14,1961.75,1926.25,1964,1918,2.52M,1.75%
7-Oct-14,1928,1953.25,1956.25,1924.25,2.17M,-1.43%
6-Oct-14,1956,1961,1971,1950.5,1.73M,-0.22%
3-Oct-14,1960.25,1938.5,1964.5,1935.75,1.56M,1.12%
2-Oct-14,1938.5,1940.75,1945.75,1918.25,2.72M,-0.12%
1-Oct-14,1940.75,1961,1967,1933.75,2.45M,-1.26%
30-Sep-14,1965.5,1968.75,1978.25,1960.5,1.99M,-0.20%
29-Sep-14,1969.5,1974.75,1977,1955.5,1.79M,-0.33%
26-Sep-14,1976,1961,1979.25,1956.5,1.68M,0.74%
25-Sep-14,1961.5,1990.75,1991.5,1957.75,2.32M,-1.48%
24-Sep-14,1991,1969.75,1992.5,1969.5,1.57M,0.95%
23-Sep-14,1972.25,1984,1988,1968.25,1.63M,-0.70%
22-Sep-14,1986.25,2002,2006.5,1981.75,1.58M,-1.79%
19-Sep-14,2022.46,2013.5,2022.5,2013.25,75.63K,0.51%
18-Sep-14,2012.25,2003.5,2014.5,2001,333.68K,0.54%
17-Sep-14,2001.5,1999.5,2010.75,1991.25,623.84K,0.10%
16-Sep-14,1999.5,1984.75,2002.5,1978.5,884.64K,0.77%
15-Sep-14,1984.25,1981.75,1987.25,1972,854.38K,-0.03%
12-Sep-14,1984.75,1999.25,1999.25,1979.5,1.25M,-0.61%
11-Sep-14,1997,1994.5,1999.5,1985,1.74M,0.10%
10-Sep-14,1995,1989.5,1996.25,1981.5,1.59M,0.26%
9-Sep-14,1989.75,2000.25,2003,1983.25,1.77M,-0.54%
8-Sep-14,2000.5,2006.5,2006.75,1994,1.21M,-0.27%
5-Sep-14,2006,1999,2007.75,1988.25,1.69M,0.41%
4-Sep-14,1997.75,1998.75,2010,1990.75,1.52M,-0.05%
3-Sep-14,1998.75,2000.5,2011,1996.25,1.30M,-0.05%
2-Sep-14,1999.75,1999,2006.25,1992.75,1.24M,-0.05%
1-Sep-14,2000.75,2000.15,2001.45,1997.45,-,-0.04%
29-Aug-14,2001.5,1999.25,2003.75,1992.25,1.04M,0.24%
28-Aug-14,1996.75,1996.75,1999.5,1987.5,1.09M,-0.01%
27-Aug-14,1997,1999.25,2000.5,1993.5,761.37K,-0.08%
26-Aug-14,1998.5,1994.5,2002.75,1992.25,878.01K,0.18%
25-Aug-14,1995,1990,1999.75,1988.75,853.07K,0.36%
22-Aug-14,1987.75,1989.75,1991.5,1981.5,1.12M,-0.09%
21-Aug-14,1989.5,1982.75,1992,1980.75,841.55K,0.32%
20-Aug-14,1983.25,1977.75,1986,1973,1.06M,0.30%
19-Aug-14,1977.25,1968.5,1979.75,1968.25,868.38K,0.50%
18-Aug-14,1967.5,1955.75,1969,1955.75,890.47K,0.77%
15-Aug-14,1952.5,1954.25,1961,1937.25,1.81M,-0.05%
14-Aug-14,1953.5,1946,1955,1942,967.19K,0.45%
13-Aug-14,1944.75,1932.25,1946.5,1930.75,1.12M,0.74%
12-Aug-14,1930.5,1934,1938.75,1923.5,1.23M,-0.10%
11-Aug-14,1932.5,1923.5,1941,1923.25,1.18M,0.45%
8-Aug-14,1923.75,1905.25,1928.25,1890.25,1.90M,0.97%
7-Aug-14,1905.25,1914.75,1925.75,1899.75,1.95M,-0.50%
6-Aug-14,1914.75,1914.75,1923.5,1903,1.71M,0.09%
5-Aug-14,1913,1931,1933.25,1907.5,2.14M,-0.98%
4-Aug-14,1932,1919.5,1937.5,1914.75,1.61M,0.70%
1-Aug-14,1918.5,1926,1932.25,1910.25,2.89M,-0.32%
31-Jul-14,1924.75,1965,1965.5,1923.5,2.77M,-2.05%
30-Jul-14,1965,1964.25,1974.25,1956.5,1.77M,0.10%
29-Jul-14,1963,1972.5,1979.5,1962,1.51M,-0.51%
28-Jul-14,1973,1970.75,1976,1960.75,1.37M,0.08%
25-Jul-14,1971.5,1978.75,1980.75,1968,1.43M,-0.47%
24-Jul-14,1980.75,1981,1985.75,1976.75,1.17M,0.00%
23-Jul-14,1980.75,1973,1983.5,1972.75,1.15M,0.29%
22-Jul-14,1975,1965.75,1980.5,1965.25,1.27M,0.45%
21-Jul-14,1966.25,1970.25,1971.5,1959,1.41M,-0.27%
18-Jul-14,1971.5,1949.25,1974.25,1942.5,1.80M,0.92%
17-Jul-14,1953.5,1971.25,1976,1948.5,2.44M,-1.08%
16-Jul-14,1974.75,1968,1978,1967,1.32M,0.34%
15-Jul-14,1968,1971.25,1976.25,1958.75,1.91M,-0.15%
14-Jul-14,1971,1962.75,1974,1962.5,1.00M,0.43%
11-Jul-14,1962.5,1957.25,1963.5,1953,1.36M,0.24%
10-Jul-14,1957.75,1967.5,1968.25,1945.25,1.97M,-0.48%
9-Jul-14,1967.25,1960.5,1968.25,1958.25,1.39M,0.34%
8-Jul-14,1960.5,1970.5,1970.75,1952.75,1.78M,-0.53%
7-Jul-14,1971,1975.75,1977.5,1967.25,1.15M,-0.24%
4-Jul-14,1975.65,1976.65,1976.95,1974.65,-,-0.09%
3-Jul-14,1977.5,1968,1978.25,1966,846.13K,0.50%
2-Jul-14,1967.75,1966.25,1970,1964.5,920.98K,0.10%
1-Jul-14,1965.75,1954.5,1971.75,1953.5,1.46M,0.68%
30-Jun-14,1952.5,1951.75,1956.75,1948,1.16M,0.03%
27-Jun-14,1952,1948.25,1954,1942.75,1.18M,0.17%
26-Jun-14,1948.75,1948.75,1952.5,1936.25,1.49M,-0.04%
25-Jun-14,1949.5,1942.25,1953.25,1937.25,1.53M,0.32%
24-Jun-14,1943.25,1951.25,1960,1939.75,1.53M,-0.50%
23-Jun-14,1953,1952.75,1959.75,1950,1.02M,-0.59%
20-Jun-14,1964.52,1957.5,1970,1956.75,61.30K,0.31%
19-Jun-14,1958.5,1956,1960.25,1952.25,369.58K,0.08%
18-Jun-14,1957,1941.5,1958,1938,522.41K,0.80%
17-Jun-14,1941.5,1936.5,1943.5,1931.25,881.10K,0.26%
16-Jun-14,1936.5,1934.25,1940.75,1926.5,866.80K,0.04%
13-Jun-14,1935.75,1930.75,1937,1926.5,945.29K,0.27%
12-Jun-14,1930.5,1943.75,1947.75,1924.75,1.67M,-0.69%
11-Jun-14,1944,1950.75,1951,1938.5,1.35M,-0.33%
10-Jun-14,1950.5,1949.25,1951.75,1943,1.04M,0.01%
9-Jun-14,1950.25,1949.25,1954.75,1945.75,1.03M,0.05%
6-Jun-14,1949.25,1938.5,1949.75,1937.75,1.21M,0.55%
5-Jun-14,1938.5,1925.5,1940.75,1921,1.68M,0.66%
4-Jun-14,1925.75,1922.75,1927,1916,917.11K,0.20%
3-Jun-14,1922,1921.5,1923.5,1916,948.00K,0.01%
2-Jun-14,1921.75,1921.25,1924.25,1913.75,1.05M,0.01%
30-May-14,1921.5,1917,1922.25,1914.25,1.17M,0.18%
29-May-14,1918,1909.75,1918,1907.25,981.82K,0.47%
28-May-14,1909,1909.75,1914,1904.5,1.06M,-0.01%
27-May-14,1909.25,1898,1910,1897,922.50K,0.36%
26-May-14,1902.45,1897.75,1904.65,1897.15,-,0.29%
23-May-14,1897,1890.25,1899.25,1889.5,761.56K,0.36%
22-May-14,1890.25,1883.75,1894,1882.75,1.03M,0.28%
21-May-14,1885,1868.5,1886.5,1866.5,1.36M,0.91%
20-May-14,1868,1881.5,1884.5,1864.75,1.56M,-0.76%
19-May-14,1882.25,1876.25,1883,1865.75,1.04M,0.40%
16-May-14,1874.75,1867,1875.75,1861.25,1.52M,0.40%
15-May-14,1867.25,1885.75,1888.5,1859,2.25M,-0.95%
14-May-14,1885.25,1894.75,1897.25,1882.25,1.19M,-0.48%
13-May-14,1894.25,1893.5,1898.5,1892,1.08M,0.08%
12-May-14,1892.75,1874,1894,1874,1.18M,1.03%
9-May-14,1873.5,1870.25,1875,1862.5,1.48M,0.07%
8-May-14,1872.25,1874.75,1884.75,1865,1.75M,-0.11%
7-May-14,1874.25,1864,1875.75,1854.5,2.00M,0.54%
6-May-14,1864.25,1877.5,1881.5,1861.75,1.38M,-0.61%
5-May-14,1875.75,1875.5,1880,1860.5,1.18M,0.07%
2-May-14,1874.5,1878.75,1886,1872,1.72M,-0.17%
1-May-14,1877.75,1879.5,1882.75,1871.5,938.35K,-0.01%
30-Apr-14,1878,1870.5,1880.25,1866.25,1.50M,0.33%
29-Apr-14,1871.75,1866,1875.25,1865,1.22M,0.31%
28-Apr-14,1866,1861.75,1871.75,1844,2.07M,0.32%
25-Apr-14,1860,1872.5,1873.75,1853,1.51M,-0.69%
24-Apr-14,1873,1879,1882.5,1863.75,1.58M,0.00%
23-Apr-14,1873,1873,1880.75,1867.5,1.00M,-0.05%
22-Apr-14,1874,1864.25,1878.75,1860.75,1.11M,0.51%
21-Apr-14,1864.5,1859.25,1865.5,1856.5,533.89K,0.35%
17-Apr-14,1858,1852.5,1863.75,1847.25,1.25M,0.28%
16-Apr-14,1852.75,1842.75,1857,1840.5,1.64M,0.72%
15-Apr-14,1839.5,1825,1844,1809.25,2.61M,0.82%
14-Apr-14,1824.5,1806,1828,1803.25,1.89M,0.70%
11-Apr-14,1811.75,1829.5,1832,1807.25,2.53M,-0.83%
10-Apr-14,1827,1865.75,1867.5,1823.75,2.38M,-2.02%
9-Apr-14,1864.75,1845,1866.5,1843.75,1.41M,1.07%
8-Apr-14,1845,1840,1849,1830.75,1.85M,0.38%
7-Apr-14,1838,1861,1861.75,1834.5,2.18M,-1.18%
4-Apr-14,1860,1884.25,1892.5,1855.75,2.50M,-1.22%
3-Apr-14,1883,1882.75,1887.5,1875.5,1.24M,0.00%
2-Apr-14,1883,1877.75,1886.25,1876.25,1.18M,0.28%
1-Apr-14,1877.75,1864.5,1878.75,1862.25,1.21M,0.71%
31-Mar-14,1864.5,1855,1868,1855,1.57M,0.76%
28-Mar-14,1850.5,1843.5,1859.5,1841.5,1.50M,0.54%
27-Mar-14,1840.5,1845,1848.5,1834,2.03M,-0.11%
26-Mar-14,1842.5,1859,1868.75,1841.5,1.90M,-0.90%
25-Mar-14,1859.25,1850.25,1864.5,1848,1.66M,0.53%
24-Mar-14,1849.5,1855.5,1866,1841.25,1.84M,-2.31%
21-Mar-14,1893.3,1873,1882,1870.75,47.87K,1.04%
20-Mar-14,1873.75,1858.5,1874.25,1852.5,344.34K,0.75%
19-Mar-14,1859.75,1871,1874.5,1849.5,640.71K,-0.59%
18-Mar-14,1870.75,1858.75,1874,1852.5,871.09K,0.70%
17-Mar-14,1857.75,1839.5,1862.75,1830.5,797.42K,0.96%
14-Mar-14,1840,1847.25,1853,1839,1.31M,-0.37%
13-Mar-14,1846.75,1868.75,1875,1841.5,2.35M,-1.12%
12-Mar-14,1867.75,1864.75,1869,1853.75,1.67M,0.13%
11-Mar-14,1865.25,1876.25,1882.25,1863,1.61M,-0.64%
10-Mar-14,1877.25,1875.5,1878.75,1865.75,1.17M,-0.04%
7-Mar-14,1878,1876.25,1887.5,1869.25,1.76M,0.09%
6-Mar-14,1876.25,1873.75,1881,1871,1.28M,0.20%
5-Mar-14,1872.5,1870.75,1875.5,1867.75,1.25M,0.05%
4-Mar-14,1871.5,1843.75,1874.75,1843.5,1.75M,1.55%
3-Mar-14,1843,1846,1849.5,1832.25,2.38M,-0.78%
28-Feb-14,1857.5,1854.5,1866.5,1845.25,2.11M,0.19%
27-Feb-14,1854,1843.75,1855.75,1832.75,1.62M,0.65%
26-Feb-14,1842,1847.5,1853.25,1838,1.46M,-0.23%
25-Feb-14,1846.25,1844.75,1851,1837.25,1.57M,0.01%
24-Feb-14,1846,1835.25,1856.75,1829.25,1.61M,0.64%
21-Feb-14,1834.25,1836,1844,1832.75,1.32M,-0.11%
20-Feb-14,1836.25,1826,1840.25,1817.25,1.61M,0.59%
19-Feb-14,1825.5,1837.25,1844.5,1823.25,1.77M,-0.65%
18-Feb-14,1837.5,1833.5,1840.25,1831.5,1.21M,0.05%
17-Feb-14,1836.65,1835.25,1840.15,1831.95,-,0.09%
14-Feb-14,1835,1823.75,1838.75,1816,1.37M,0.59%
13-Feb-14,1824.25,1816.75,1827,1802.25,1.65M,0.40%
12-Feb-14,1817,1813.25,1823.25,1811.25,1.39M,0.19%
11-Feb-14,1813.5,1795.25,1819.5,1794.25,1.76M,1.04%
10-Feb-14,1794.75,1793,1796,1786.25,1.15M,0.07%
7-Feb-14,1793.5,1768,1794,1758.25,2.34M,1.53%
6-Feb-14,1766.5,1744.75,1769.75,1744,1.74M,1.29%
5-Feb-14,1744,1744.25,1750.75,1732,2.08M,0.01%
4-Feb-14,1743.75,1738.25,1753.5,1734,2.33M,0.63%
3-Feb-14,1732.75,1777.5,1783.75,1732.25,3.03M,-2.46%
31-Jan-14,1776.5,1783.5,1788.25,1761.25,2.39M,-0.27%
30-Jan-14,1781.25,1770,1793.75,1767.75,1.82M,0.56%
29-Jan-14,1771.25,1796,1801.25,1764,2.74M,-0.95%
28-Jan-14,1788.25,1771.25,1797,1771,1.73M,0.70%
27-Jan-14,1775.75,1781.75,1792,1767,2.78M,-0.35%
24-Jan-14,1782,1824,1828,1780,2.57M,-2.32%
23-Jan-14,1824.25,1839,1844,1813.75,1.82M,-0.78%
22-Jan-14,1838.5,1837.5,1843.25,1834.75,941.60K,0.00%
21-Jan-14,1838.5,1834,1844,1826.25,1.33M,0.25%
20-Jan-14,1833.95,1834.45,1834.65,1830.15,-,-0.02%
17-Jan-14,1834.25,1838,1842.75,1829.25,1.18M,-0.11%
16-Jan-14,1836.25,1841.5,1843.75,1834.5,952.50K,-0.29%
15-Jan-14,1841.5,1833,1845.75,1831.5,1.26M,0.46%
14-Jan-14,1833,1815.75,1834.25,1812.75,1.60M,0.99%
13-Jan-14,1815,1838.5,1838.75,1809.5,1.71M,-1.24%
10-Jan-14,1837.75,1833.25,1842.5,1826.25,1.46M,0.26%
9-Jan-14,1833,1831.75,1839,1824.25,1.32M,0.03%
8-Jan-14,1832.5,1830.75,1834.75,1825.5,1.33M,0.10%
7-Jan-14,1830.75,1819.75,1834.75,1819.5,1.16M,0.55%
6-Jan-14,1820.75,1824,1832.5,1817.25,1.37M,-0.26%
3-Jan-14,1825.5,1827.25,1833,1820.5,961.60K,-0.05%
2-Jan-14,1826.5,1837.75,1840.75,1821.75,1.24M,-0.89%
1-Jan-14,1842.95,1842.95,1842.95,1842.95,-,0.11%
31-Dec-13,1841,1835.5,1846.5,1834.25,653.06K,0.34%
30-Dec-13,1834.75,1836,1838.5,1833.5,581.58K,-0.10%
27-Dec-13,1836.5,1836.5,1840,1833.25,622.70K,0.00%
26-Dec-13,1836.5,1830,1837.75,1829.75,438.94K,0.41%
24-Dec-13,1829,1822.75,1829.5,1820.5,314.41K,0.34%
23-Dec-13,1822.75,1817,1824.5,1816.75,737.15K,0.54%
20-Dec-13,1812.89,1808.75,1813,1808.75,47.70K,0.24%
19-Dec-13,1808.5,1810,1813,1801.25,387.39K,-0.12%
18-Dec-13,1810.75,1778.25,1812.75,1767.25,711.56K,1.77%
17-Dec-13,1779.25,1784.75,1789,1776.5,748.12K,-0.41%
16-Dec-13,1786.5,1774.75,1792.5,1760.25,869.48K,0.66%
13-Dec-13,1774.75,1773.5,1783,1771.75,994.29K,-0.01%
12-Dec-13,1775,1780.75,1784,1771.75,1.83M,-0.32%
11-Dec-13,1780.75,1804.25,1808,1779.25,2.00M,-1.23%
10-Dec-13,1803,1809.25,1811.5,1801,1.17M,-0.33%
9-Dec-13,1809,1806.5,1811.5,1804.75,1.06M,0.22%
6-Dec-13,1805,1784.5,1806,1784.25,1.76M,1.18%
5-Dec-13,1784,1792.5,1794.25,1782,1.58M,-0.43%
4-Dec-13,1791.75,1792,1799.5,1777.75,2.11M,0.01%
3-Dec-13,1791.5,1800.25,1801.75,1786.25,1.73M,-0.46%
2-Dec-13,1799.75,1806.25,1809,1797,1.33M,-0.24%
29-Nov-13,1804,1804.5,1812.5,1802.75,818.60K,-0.20%
28-Nov-13,1807.65,1806.45,1809.95,1805.45,-,0.19%
27-Nov-13,1804.25,1802,1807.5,1801.25,849.59K,0.12%
26-Nov-13,1802,1801.25,1807,1798.75,1.10M,-0.03%
25-Nov-13,1802.5,1802,1809.25,1798.5,1.11M,0.07%
22-Nov-13,1801.25,1793.25,1803.25,1792,1.24M,0.42%
21-Nov-13,1793.75,1779.5,1795.5,1775.75,1.39M,0.79%
20-Nov-13,1779.75,1785.5,1794.25,1774.5,2.07M,-0.31%
19-Nov-13,1785.25,1789.5,1793.75,1782,1.59M,-0.20%
18-Nov-13,1788.75,1793.5,1799.75,1784.75,1.56M,-0.26%
15-Nov-13,1793.5,1787.75,1796,1786.5,1.23M,0.32%
14-Nov-13,1787.75,1779.75,1789,1777.25,1.58M,0.51%
13-Nov-13,1778.75,1764.75,1782.25,1754.25,1.68M,0.78%
12-Nov-13,1765,1767.75,1769.75,1758.5,1.42M,-0.14%
11-Nov-13,1767.5,1767,1770.25,1762.75,960.01K,0.08%
8-Nov-13,1766,1744.75,1768,1736.5,2.07M,1.19%
7-Nov-13,1745.25,1763.75,1774.5,1742.25,2.46M,-1.15%
6-Nov-13,1765.5,1757.25,1770,1755.75,1.32M,0.51%
5-Nov-13,1756.5,1762.75,1764,1750.5,1.48M,-0.37%
4-Nov-13,1763,1754,1764,1753.25,1.01M,0.47%
1-Nov-13,1754.75,1755.5,1761.25,1747,1.60M,0.21%
31-Oct-13,1751,1757.75,1764,1750.25,1.89M,-0.54%
30-Oct-13,1760.5,1768.25,1773.25,1751.75,1.78M,-0.40%
29-Oct-13,1767.5,1759,1768.75,1754.5,1.19M,0.48%
28-Oct-13,1759,1753.75,1762.25,1751.5,1.16M,0.29%
25-Oct-13,1754,1748,1755.75,1742.75,1.25M,0.31%
24-Oct-13,1748.5,1742.75,1751.75,1740,1.25M,0.39%
23-Oct-13,1741.75,1749.5,1749.5,1734.5,1.52M,-0.44%
22-Oct-13,1749.5,1737.75,1754.5,1736,1.84M,0.65%
21-Oct-13,1738.25,1738,1742.5,1734.75,1.14M,0.10%
18-Oct-13,1736.5,1727.5,1740.25,1727,1.54M,0.51%
17-Oct-13,1727.75,1712,1728.75,1706.25,1.67M,0.85%
16-Oct-13,1713.25,1694.25,1717,1691.25,1.80M,1.26%
15-Oct-13,1692,1706.25,1709.75,1689.5,1.87M,-0.72%
14-Oct-13,1704.25,1684,1706.75,1680.75,1.51M,0.31%
11-Oct-13,1699,1683,1700.25,1673,1.56M,0.83%
10-Oct-13,1685,1648.5,1687.75,1648,2.29M,2.20%
9-Oct-13,1648.75,1648,1658.25,1640,2.49M,-0.11%
8-Oct-13,1650.5,1667,1671.5,1646,2.35M,-1.03%
7-Oct-13,1667.75,1676.75,1679.5,1666.5,1.60M,-1.01%
4-Oct-13,1684.75,1668,1686,1667.5,1.51M,0.90%
3-Oct-13,1669.75,1683,1684.75,1663.25,2.26M,-0.79%
2-Oct-13,1683,1691.5,1691.75,1673.25,1.70M,-0.38%
1-Oct-13,1689.5,1678.5,1692.25,1675.25,1.76M,0.91%
30-Sep-13,1674.25,1675,1681,1666.75,2.15M,-0.73%
27-Sep-13,1686.5,1694.5,1695.5,1680,1.43M,-0.35%
26-Sep-13,1692.5,1686.5,1697.5,1685.75,1.47M,0.40%
25-Sep-13,1685.75,1692.25,1695,1684.5,1.64M,-0.40%
24-Sep-13,1692.5,1693.25,1701,1687.5,1.50M,-0.01%
23-Sep-13,1692.75,1706.5,1707.5,1689.5,1.67M,-1.81%
20-Sep-13,1723.89,1724,1727.25,1721.25,66.09K,-0.02%
19-Sep-13,1724.25,1725,1733.25,1720.5,419.65K,-0.01%
18-Sep-13,1724.5,1706,1729.75,1700,666.70K,1.14%
17-Sep-13,1705,1696.25,1706.75,1694.75,727.29K,0.41%
16-Sep-13,1698,1698.5,1710.5,1694.75,1.01M,0.56%
13-Sep-13,1688.5,1684.75,1690.5,1680.5,756.48K,0.21%
12-Sep-13,1685,1689.75,1690,1681.25,1.35M,-0.22%
11-Sep-13,1688.75,1682.25,1690.5,1677.75,1.84M,0.37%
10-Sep-13,1682.5,1671,1683.25,1669,1.85M,0.81%
9-Sep-13,1669,1652,1671.75,1652,1.48M,0.94%
6-Sep-13,1653.5,1652,1664,1638.75,2.56M,0.03%
5-Sep-13,1653,1654.75,1658.25,1650.5,1.25M,-0.03%
4-Sep-13,1653.5,1638,1655.25,1635,1.64M,0.88%
3-Sep-13,1639,1640.25,1650,1630.75,2.32M,-0.40%
2-Sep-13,1645.55,1640.15,1648.45,1639.95,-,0.88%
30-Aug-13,1631.25,1639,1645,1625.5,1.93M,-0.34%
29-Aug-13,1636.75,1630.5,1644.75,1627.75,1.74M,0.28%
28-Aug-13,1632.25,1628.25,1639.25,1624.75,1.65M,0.25%
27-Aug-13,1628.25,1654.5,1655.5,1626.25,2.25M,-1.57%
26-Aug-13,1654.25,1660.75,1667.5,1653.25,1.21M,-0.44%
23-Aug-13,1661.5,1655.5,1662.75,1650.5,1.31M,0.41%
22-Aug-13,1654.75,1635,1657.75,1631.5,1.56M,1.12%
21-Aug-13,1636.5,1651,1654.75,1634,2.12M,-0.85%
20-Aug-13,1650.5,1644.25,1656.75,1641,1.58M,0.33%
19-Aug-13,1645,1651,1657,1642.25,1.47M,-0.36%
16-Aug-13,1651,1654.75,1662,1649.5,1.74M,-0.29%
15-Aug-13,1655.75,1680.5,1682,1654.25,2.40M,-1.56%
14-Aug-13,1682,1691.5,1693.25,1681,1.50M,-0.52%
13-Aug-13,1690.75,1688,1694.5,1679.25,1.60M,0.22%
12-Aug-13,1687,1685,1688.5,1675.25,1.25M,0.04%
9-Aug-13,1686.25,1694,1696.25,1682.5,1.66M,-0.44%
8-Aug-13,1693.75,1688.75,1697,1684.5,1.52M,0.33%
7-Aug-13,1688.25,1692.75,1693.5,1680.5,1.38M,-0.34%
6-Aug-13,1694,1701.25,1703.5,1688.75,1.27M,-0.50%
5-Aug-13,1702.5,1702.75,1705,1698.75,856.74K,-0.09%
2-Aug-13,1704,1702.25,1705,1695.75,1.22M,0.22%
1-Aug-13,1700.25,1685.5,1703.75,1684.5,1.52M,1.18%
31-Jul-13,1680.5,1684,1694,1680.25,1.98M,-0.25%
30-Jul-13,1684.75,1682.25,1688.5,1677.25,1.32M,0.13%
29-Jul-13,1682.5,1686.5,1688,1676.5,1.10M,-0.24%
26-Jul-13,1686.5,1685.75,1689,1670.5,1.40M,0.15%
25-Jul-13,1684,1684,1686.5,1671.75,1.43M,0.01%
24-Jul-13,1683.75,1689.5,1695.25,1677.25,1.51M,-0.27%
23-Jul-13,1688.25,1690.5,1695.5,1686,979.78K,-0.12%
22-Jul-13,1690.25,1690,1694.25,1685.5,900.14K,0.04%
19-Jul-13,1689.5,1680,1690.5,1675.25,1.15M,0.54%
18-Jul-13,1680.5,1676.75,1688.5,1671.75,1.36M,0.30%
17-Jul-13,1675.5,1671.75,1680.5,1665.75,1.41M,0.25%
16-Jul-13,1671.25,1677.75,1679.5,1666.5,1.17M,-0.37%
15-Jul-13,1677.5,1670,1679.5,1669.75,911.48K,0.43%
12-Jul-13,1670.25,1669,1674.25,1666.25,1.14M,0.01%
11-Jul-13,1670,1658.25,1671.75,1657.5,1.46M,1.30%
10-Jul-13,1648.5,1647,1658.75,1641.25,1.46M,0.18%
9-Jul-13,1645.5,1636.75,1649,1635.75,1.28M,0.61%
8-Jul-13,1635.5,1628.5,1639.5,1626,1.32M,0.51%
5-Jul-13,1627.25,1609,1630.75,1608.25,1.72M,0.30%
4-Jul-13,1622.45,1609.95,1624.15,1609.15,-,0.84%
3-Jul-13,1609,1607,1613,1594,1.03M,0.11%
2-Jul-13,1607.25,1606.75,1618.5,1600.25,1.67M,0.03%
1-Jul-13,1606.75,1600.25,1620.5,1593.25,1.55M,0.47%
28-Jun-13,1599.25,1606.25,1614.5,1594.25,2.14M,-0.45%
27-Jun-13,1606.5,1596.75,1614.25,1594.75,1.60M,0.69%
26-Jun-13,1595.5,1580.25,1601.25,1573,1.73M,0.89%
25-Jun-13,1581.5,1566.5,1587.75,1558.25,2.02M,0.97%
24-Jun-13,1566.25,1583.75,1586.25,1553.25,2.85M,-2.11%
21-Jun-13,1599.93,1590.5,1604.25,1589.5,100.31K,0.59%
20-Jun-13,1590.5,1627.25,1628.75,1583.75,639.74K,-2.39%
19-Jun-13,1629.5,1652.5,1655,1626.25,589.66K,-1.30%
18-Jun-13,1651,1640.75,1654.5,1638,739.74K,0.69%
17-Jun-13,1639.75,1624.5,1646.75,1624,893.73K,0.95%
14-Jun-13,1624.25,1637.75,1640.75,1623.25,1.04M,-0.76%
13-Jun-13,1636.75,1610.75,1639.5,1597.5,2.36M,1.66%
12-Jun-13,1610,1627.5,1638.25,1609.5,2.60M,-1.04%
11-Jun-13,1627,1642,1642.5,1621.5,2.59M,-0.91%
10-Jun-13,1642,1636.5,1648.5,1634.5,1.82M,0.21%
7-Jun-13,1638.5,1622,1644,1618,2.38M,0.97%
6-Jun-13,1622.75,1608.5,1624.25,1596.5,2.80M,0.92%
5-Jun-13,1608,1629.25,1632.25,1605.5,2.65M,-1.43%
4-Jun-13,1631.25,1635.75,1645.75,1621.5,2.17M,-0.31%
3-Jun-13,1636.25,1629.5,1639,1620.75,2.53M,0.45%
31-May-13,1629,1653.75,1658,1626.25,2.56M,-1.48%
30-May-13,1653.5,1646.5,1660.75,1641,1.77M,0.39%
29-May-13,1647,1654.25,1656.75,1638,2.13M,-0.45%
28-May-13,1654.5,1650,1672.75,1644.25,2.09M,0.12%
27-May-13,1652.45,1651.95,1653.95,1644.45,-,0.12%
24-May-13,1650.5,1651.25,1655.25,1634.5,1.95M,0.03%
23-May-13,1650,1657.5,1659,1632.75,2.68M,-0.33%
22-May-13,1655.5,1665.75,1685.75,1646.5,2.97M,-0.60%
21-May-13,1665.5,1663.5,1673.25,1660,1.69M,0.06%
20-May-13,1664.5,1662.5,1670.75,1659.75,1.75M,0.09%
17-May-13,1663,1649.5,1665.75,1648.25,1.92M,0.91%
16-May-13,1648,1655.25,1658.75,1646,1.92M,-0.38%
15-May-13,1654.25,1647.5,1659.75,1642.75,2.12M,0.38%
14-May-13,1648,1630.75,1648.75,1626.5,2.02M,1.06%
13-May-13,1630.75,1625.5,1633.25,1621.5,1.33M,0.08%
10-May-13,1629.5,1626,1631,1620.25,1.64M,0.31%
9-May-13,1624.5,1628.25,1632.25,1620,1.83M,-0.26%
8-May-13,1628.75,1620.75,1629.5,1617,1.59M,0.51%
7-May-13,1620.5,1612.5,1621.75,1609.25,1.51M,0.43%
6-May-13,1613.5,1608.25,1615.25,1607.25,963.96K,0.31%
3-May-13,1608.5,1592.25,1614.25,1589.5,1.94M,1.02%
2-May-13,1592.25,1579.25,1594.25,1578.75,1.65M,0.95%
1-May-13,1577.25,1593.75,1595.5,1576,1.47M,-0.94%
30-Apr-13,1592.25,1588.5,1594.25,1581.25,1.56M,0.25%
29-Apr-13,1588.25,1576.25,1592.25,1573.75,1.23M,0.75%
26-Apr-13,1576.5,1581.5,1582.5,1572.5,1.34M,-0.33%
25-Apr-13,1581.75,1573,1588.25,1570.75,1.60M,0.49%
24-Apr-13,1574,1573.5,1579,1570.75,1.42M,0.03%
23-Apr-13,1573.5,1557.25,1577,1548.75,2.11M,1.12%
22-Apr-13,1556,1548.5,1561,1542.75,1.59M,0.55%
19-Apr-13,1547.5,1537,1550.75,1535.25,1.88M,0.88%
18-Apr-13,1534,1544.5,1553.5,1530.75,2.32M,-0.78%
17-Apr-13,1546,1569.25,1569.5,1538,2.97M,-1.45%
16-Apr-13,1568.75,1542.5,1570.75,1542.25,2.25M,1.64%
15-Apr-13,1543.5,1582.25,1583,1538.75,2.85M,-2.43%
12-Apr-13,1582,1588.25,1589.75,1575,1.81M,-0.36%
11-Apr-13,1587.75,1583.5,1593,1580.75,1.72M,0.32%
10-Apr-13,1582.75,1563.75,1584.5,1561,2.03M,1.25%
9-Apr-13,1563.25,1560.75,1569,1555.5,1.63M,0.26%
8-Apr-13,1559.25,1545.5,1562.75,1543,1.44M,0.86%
5-Apr-13,1546,1554.75,1555.25,1533.25,2.27M,-0.55%
4-Apr-13,1554.5,1548.5,1557.5,1546,2.00M,0.39%
3-Apr-13,1548.5,1566,1567.75,1544,2.27M,-1.02%
2-Apr-13,1564.5,1556.25,1568,1554.25,1.61M,0.55%
1-Apr-13,1556,1563,1565,1552.5,1.14M,-0.43%
28-Mar-13,1562.75,1556.75,1564.5,1549.75,1.63M,0.39%
27-Mar-13,1556.75,1558.25,1560.5,1545.75,1.57M,-0.03%
26-Mar-13,1557.25,1548.25,1558.75,1546.75,1.59M,0.66%
25-Mar-13,1547,1550,1560.5,1539,2.25M,-0.32%
22-Mar-13,1552,1538.5,1554,1535,1.58M,0.84%
21-Mar-13,1539,1549.5,1550.75,1536.5,1.90M,-0.65%
20-Mar-13,1549,1539.25,1555.75,1536.5,1.80M,0.44%
19-Mar-13,1542.25,1547.25,1551.25,1531.75,2.55M,-0.29%
18-Mar-13,1546.75,1544,1552.5,1529.5,2.19M,-0.66%
15-Mar-13,1557.08,1561.25,1565,1559.75,66.57K,-0.33%
14-Mar-13,1562.25,1556.5,1563.5,1555,368.21K,0.40%
13-Mar-13,1556,1553,1557,1548,505.43K,0.23%
12-Mar-13,1552.5,1556.75,1557,1547.5,795.04K,-0.22%
11-Mar-13,1556,1547.25,1557.25,1545.5,755.67K,0.42%
8-Mar-13,1549.5,1542.75,1553.5,1540.25,1.14M,0.44%
7-Mar-13,1542.75,1539.75,1545.5,1537.5,1.67M,0.24%
6-Mar-13,1539,1539,1544.75,1537,2.09M,0.13%
5-Mar-13,1537,1526.75,1542.75,1524.5,2.37M,0.74%
4-Mar-13,1525.75,1514.75,1527.5,1507,1.98M,0.61%
1-Mar-13,1516.5,1512.5,1519,1499.5,2.55M,0.21%
28-Feb-13,1513.25,1516.25,1524.5,1508.75,2.20M,-0.16%
27-Feb-13,1515.75,1493.25,1519.25,1490,2.46M,1.56%
26-Feb-13,1492.5,1485.5,1497.75,1482.75,2.93M,0.35%
25-Feb-13,1487.25,1515.5,1524.5,1481.75,3.09M,-1.80%
22-Feb-13,1514.5,1502.25,1515,1502,1.76M,0.90%
21-Feb-13,1501,1507.75,1509.75,1495,2.51M,-0.40%
20-Feb-13,1507,1528.75,1530,1506.5,2.02M,-1.37%
19-Feb-13,1528,1516,1529,1515.25,1.50M,0.73%
15-Feb-13,1517,1518.75,1521.75,1511.25,1.73M,-0.10%
14-Feb-13,1518.5,1516.25,1520.75,1510,1.37M,0.08%
13-Feb-13,1517.25,1517.5,1522,1513,1.27M,0.07%
12-Feb-13,1516.25,1512.5,1519,1508.5,1.26M,0.21%
11-Feb-13,1513,1513.5,1517,1509.75,1.23M,0.03%
8-Feb-13,1512.5,1505,1515,1503.75,1.43M,0.48%
7-Feb-13,1505.25,1507.25,1511,1494.5,1.96M,-0.10%
6-Feb-13,1506.75,1507.25,1510.25,1499,1.75M,0.05%
5-Feb-13,1506,1492.5,1511,1492.25,1.74M,0.84%
4-Feb-13,1493.5,1508,1508.5,1490.25,1.77M,-0.88%
1-Feb-13,1506.75,1496,1510.5,1495.75,1.78M,0.90%
31-Jan-13,1493.25,1494.25,1500,1491.25,1.64M,-0.13%
30-Jan-13,1495.25,1505,1506,1493.5,1.80M,-0.65%
29-Jan-13,1505,1495.5,1505.75,1491,1.50M,0.53%
28-Jan-13,1497,1495.75,1500,1491.25,1.21M,0.08%
25-Jan-13,1495.75,1487.75,1499.25,1486.75,1.59M,0.27%
24-Jan-13,1491.75,1483.25,1497.75,1482.75,1.83M,0.10%
23-Jan-13,1490.25,1490.5,1491.25,1484.5,1.19M,0.05%
22-Jan-13,1489.5,1478,1491.5,1475,1.47M,0.71%
18-Jan-13,1479,1475.5,1481,1470.5,1.49M,0.22%
17-Jan-13,1475.75,1465,1480.5,1460.5,1.75M,0.70%
16-Jan-13,1465.5,1467,1469,1460,1.23M,0.02%
15-Jan-13,1465.25,1465,1468.25,1456.5,1.32M,0.07%
14-Jan-13,1464.25,1466.75,1471.25,1460.25,1.17M,-0.20%
11-Jan-13,1467.25,1469.75,1471.5,1462.25,1.15M,0.02%
10-Jan-13,1467,1456.5,1470.25,1454.75,1.54M,0.77%
9-Jan-13,1455.75,1451.5,1459.5,1451.25,1.19M,0.24%
8-Jan-13,1452.25,1456.75,1457,1446,1.37M,-0.24%
7-Jan-13,1455.75,1460.25,1460.75,1450.75,1.20M,-0.14%
4-Jan-13,1457.75,1454,1463,1451.25,1.51M,0.29%
3-Jan-13,1453.5,1456,1460.5,1450,1.60M,-0.24%
2-Jan-13,1457,1443,1458,1438.25,1.94M,2.61%
31-Dec-12,1420,1388.25,1425.75,1383.5,1.48M,2.60%
28-Dec-12,1384,1413.25,1416.75,1382.25,1.06M,-1.90%
27-Dec-12,1410.75,1413.25,1418.5,1396,1.47M,-0.19%
26-Dec-12,1413.5,1424,1425.5,1410.75,578.18K,-0.44%
24-Dec-12,1419.75,1424.25,1424.5,1417.5,318.13K,-0.97%
21-Dec-12,1433.59,1445.5,1446.5,1393,73.10K,-0.82%
20-Dec-12,1445.5,1433.5,1446.25,1431.75,343.85K,0.57%
19-Dec-12,1437.25,1445,1450.5,1432.75,505.13K,-0.59%
18-Dec-12,1445.75,1433.75,1448.25,1430.5,875.27K,0.92%
17-Dec-12,1432.5,1421.25,1434.25,1415,856.69K,1.24%
14-Dec-12,1415,1416.75,1425.5,1411.5,1.04M,-0.21%
13-Dec-12,1418,1425.75,1431.5,1415.75,1.95M,-0.65%
12-Dec-12,1427.25,1431.25,1438.75,1425.75,1.83M,-0.30%
11-Dec-12,1431.5,1417.5,1434.25,1415,1.77M,0.79%
10-Dec-12,1420.25,1416,1421,1410.75,1.14M,0.30%
7-Dec-12,1416,1412.25,1422.25,1408.5,1.77M,0.21%
6-Dec-12,1413,1406.5,1413.5,1404,1.38M,0.34%
5-Dec-12,1408.25,1402.75,1414.75,1396.75,2.05M,0.20%
4-Dec-12,1405.5,1406,1411.75,1401.5,1.62M,-0.11%
3-Dec-12,1407,1413.25,1424,1404.5,1.65M,-0.53%
30-Nov-12,1414.5,1411.5,1419.5,1409.75,1.69M,-0.09%
29-Nov-12,1415.75,1406.75,1418.5,1404.5,1.88M,0.62%
28-Nov-12,1407,1397.5,1408.75,1383,2.13M,0.68%
27-Nov-12,1397.5,1404,1407.75,1395.5,1.64M,-0.41%
26-Nov-12,1403.25,1403.25,1405,1395,1.22M,-0.14%
23-Nov-12,1405.25,1389,1407.5,1387.25,913.30K,1.22%
21-Nov-12,1388.25,1386,1389.75,1377,1.07M,0.14%
20-Nov-12,1386.25,1380,1387.5,1374,1.55M,0.27%
19-Nov-12,1382.5,1360.75,1385.75,1360.25,1.74M,1.67%
16-Nov-12,1359.75,1351.5,1360.5,1340.25,2.61M,0.63%
15-Nov-12,1351.25,1354,1359,1345.25,2.42M,-0.13%
14-Nov-12,1353,1373.25,1381.75,1349.5,2.45M,-1.31%
13-Nov-12,1371,1378.25,1386.25,1365.75,1.95M,-0.53%
12-Nov-12,1378.25,1375.25,1381.75,1372.5,1.14M,0.18%
9-Nov-12,1375.75,1375.75,1388,1363.5,2.55M,0.04%
8-Nov-12,1375.25,1390.25,1397.5,1372.5,2.62M,-0.99%
7-Nov-12,1389,1425,1431.75,1384,3.20M,-2.54%
6-Nov-12,1425.25,1411,1429.25,1409.75,1.48M,0.94%
5-Nov-12,1412,1402.75,1415.5,1402.5,1.39M,0.46%
2-Nov-12,1405.5,1423.25,1431.5,1405,2.09M,-1.25%
1-Nov-12,1423.25,1402,1425,1398.5,1.71M,1.17%
31-Oct-12,1406.75,1412.5,1418.25,1400.5,1.78M,-0.05%
30-Oct-12,1407.5,1399.25,1412.25,1393,-,0.00%
29-Oct-12,1407.5,1406.25,1407.5,1397,-,0.00%
26-Oct-12,1407.5,1409.75,1412.5,1394.5,2.09M,-0.05%
25-Oct-12,1408.25,1406.25,1416.75,1399.5,1.81M,0.21%
24-Oct-12,1405.25,1406.5,1415,1401.75,1.76M,-0.11%
23-Oct-12,1406.75,1430.75,1433.25,1402,1.76M,-1.63%
22-Oct-12,1430,1424.5,1431.25,1416.75,1.78M,0.42%
19-Oct-12,1424,1451.25,1453.5,1423.5,2.40M,-1.89%
18-Oct-12,1451.5,1457,1459.75,1447.75,1.81M,-0.38%
17-Oct-12,1457,1449.25,1457.75,1446.25,1.53M,0.53%
16-Oct-12,1449.25,1436,1451.5,1434.5,1.62M,0.96%
15-Oct-12,1435.5,1423.5,1436.5,1416.5,1.53M,0.98%
12-Oct-12,1421.5,1428.25,1434.5,1420,1.62M,-0.49%
11-Oct-12,1428.5,1425.75,1439.25,1421.25,1.59M,0.16%
10-Oct-12,1426.25,1437,1437.75,1425,1.67M,-0.68%
9-Oct-12,1436,1449.75,1454.5,1435.25,1.96M,-0.95%
8-Oct-12,1449.75,1457.25,1457.25,1447.5,961.60K,-0.40%
5-Oct-12,1455.5,1455.75,1466,1451.25,1.68M,-0.02%
4-Oct-12,1455.75,1444,1457.75,1444,1.57M,0.76%
3-Oct-12,1444.75,1440.25,1448.75,1435.5,1.55M,0.26%
2-Oct-12,1441,1436.5,1446,1432.25,1.61M,0.28%
1-Oct-12,1437,1432.75,1451.5,1427.75,1.90M,0.19%
28-Sep-12,1434.25,1441,1443.5,1429,2.10M,-0.47%
27-Sep-12,1441,1427.5,1444.5,1427.5,1.75M,0.98%
26-Sep-12,1427,1436.75,1439.75,1424,1.79M,-0.71%
25-Sep-12,1437.25,1451.75,1457,1435,1.81M,-0.98%
24-Sep-12,1451.5,1450.25,1454.5,1444.75,1.26M,-1.07%
21-Sep-12,1467.17,1460.75,1469.25,1460.25,60.97K,0.46%
20-Sep-12,1460.5,1459.75,1461.75,1450,309.52K,0.07%
19-Sep-12,1459.5,1460,1465.5,1457.75,457.47K,0.02%
18-Sep-12,1459.25,1460.5,1463.25,1455.75,457.47K,-0.10%
17-Sep-12,1460.75,1465.75,1465.75,1457.5,676.51K,-0.34%
14-Sep-12,1465.75,1456.5,1474.75,1456.5,1.29M,0.58%
13-Sep-12,1457.25,1438.25,1464.25,1435,2.60M,1.23%
12-Sep-12,1439.5,1430.5,1440.25,1428.5,1.73M,0.63%
11-Sep-12,1430.5,1425.5,1437.5,1421.5,1.43M,0.28%
10-Sep-12,1426.5,1436.75,1438,1425.75,1.10M,-0.82%
7-Sep-12,1438.25,1431,1438.75,1430.5,1.47M,0.51%
6-Sep-12,1431,1403.5,1432.25,1403.25,2.04M,1.96%
5-Sep-12,1403.5,1406.25,1408.25,1397.25,1.43M,-0.18%
4-Sep-12,1406,1406.25,1409.5,1394.5,1.68M,0.07%
31-Aug-12,1405,1397,1412.25,1395.5,2.05M,0.57%
30-Aug-12,1397,1407,1407.75,1395.25,1.22M,-0.73%
29-Aug-12,1407.25,1407.25,1412.5,1404.75,959.75K,-0.04%
28-Aug-12,1407.75,1408.25,1412,1403.25,1.21M,-0.04%
27-Aug-12,1408.25,1410,1416,1407,932.10K,-0.11%
24-Aug-12,1409.75,1399.75,1412,1395.25,1.57M,0.70%
23-Aug-12,1400,1412.25,1418,1398,1.59M,-0.87%
22-Aug-12,1412.25,1412.75,1414.25,1404.25,1.68M,-0.02%
21-Aug-12,1412.5,1414.75,1424.75,1408,1.73M,-0.16%
20-Aug-12,1414.75,1415,1418,1409.5,1.11M,-0.04%
17-Aug-12,1415.25,1413.75,1416.75,1410.75,1.14M,0.16%
16-Aug-12,1413,1403.5,1415.5,1401.75,1.50M,0.68%
15-Aug-12,1403.5,1401.25,1405.75,1397,1.10M,0.14%
14-Aug-12,1401.5,1402,1409.5,1397.25,1.44M,-0.07%
13-Aug-12,1402.5,1400.5,1404,1394.25,1.20M,0.00%
10-Aug-12,1402.5,1400.25,1402.75,1392,1.25M,0.14%
9-Aug-12,1400.5,1398.5,1403.75,1393.75,1.18M,0.16%
8-Aug-12,1398.25,1396.5,1400.25,1390.5,1.23M,0.09%
7-Aug-12,1397,1390,1403.25,1387.5,1.46M,0.50%
6-Aug-12,1390,1390.25,1395.75,1387.25,1.17M,0.07%
3-Aug-12,1389,1362.25,1390.5,1360,1.95M,1.98%
2-Aug-12,1362,1370,1383,1349.25,2.84M,-0.62%
1-Aug-12,1370.5,1372,1381.5,1367.75,1.80M,-0.29%
31-Jul-12,1374.5,1380,1386.5,1371,1.77M,-0.43%
30-Jul-12,1380.5,1379.25,1387.5,1375.75,1.49M,-0.14%
27-Jul-12,1382.5,1354.75,1385,1352.75,2.50M,2.05%
26-Jul-12,1354.75,1334.75,1358.75,1327.75,2.28M,1.48%
25-Jul-12,1335,1331,1340,1321.25,1.84M,0.41%
24-Jul-12,1329.5,1343.75,1346.5,1323.75,2.12M,-1.06%
23-Jul-12,1343.75,1355.5,1356.75,1332,2.08M,-1.07%
20-Jul-12,1358.25,1371.5,1372,1357,1.80M,-1.00%
19-Jul-12,1372,1367.25,1376,1366,1.74M,0.35%
18-Jul-12,1367.25,1358.5,1370.5,1352.5,1.80M,0.64%
17-Jul-12,1358.5,1347.25,1360.5,1339.25,1.97M,0.82%
16-Jul-12,1347.5,1351.25,1352.5,1343,1.55M,-0.31%
13-Jul-12,1351.75,1329.25,1353.25,1328.75,1.76M,1.69%
12-Jul-12,1329.25,1336.5,1339.5,1319.75,1.90M,-0.52%
11-Jul-12,1336.25,1335,1342.5,1327.75,1.91M,0.06%
10-Jul-12,1335.5,1349,1356.5,1330.5,2.02M,-1.02%
9-Jul-12,1349.25,1349.25,1350.25,1341,1.47M,-0.18%
6-Jul-12,1351.75,1361.5,1364,1342.25,1.96M,-0.72%
5-Jul-12,1361.5,1366.5,1375,1357,1.89M,-0.48%
3-Jul-12,1368,1358.25,1369.5,1355.25,1.05M,0.77%
2-Jul-12,1357.5,1358.75,1362.25,1349.5,1.69M,0.07%
29-Jun-12,1356.5,1322,1359.5,1316,2.49M,2.57%
28-Jun-12,1322.5,1325.75,1327.75,1306.75,2.29M,-0.23%
27-Jun-12,1325.5,1315.75,1328.5,1312,1.62M,0.76%
26-Jun-12,1315.5,1306.75,1318,1303.25,1.81M,0.69%
25-Jun-12,1306.5,1325.5,1326.5,1302.5,1.84M,-1.53%
22-Jun-12,1326.75,1318.5,1331.75,1318.25,1.86M,0.64%
21-Jun-12,1318.25,1350.75,1353.25,1317.5,2.71M,-2.41%
20-Jun-12,1350.75,1350,1355.5,1338.75,2.36M,0.02%
19-Jun-12,1350.5,1340.75,1357,1336.5,1.77M,0.71%
18-Jun-12,1341,1345.25,1347.5,1327.25,2.07M,0.34%
15-Jun-12,1336.47,1332.25,1339.75,1331.25,72.96K,0.26%
14-Jun-12,1333,1315.75,1334.5,1311.75,485.34K,1.33%
13-Jun-12,1315.5,1326.25,1327.75,1310.25,511.48K,-0.85%
12-Jun-12,1326.75,1307.5,1327.25,1303.75,817.73K,1.51%
11-Jun-12,1307,1342,1349,1306.25,1.17M,-1.64%
8-Jun-12,1328.75,1316.25,1329.5,1305.5,1.33M,0.91%
7-Jun-12,1316.75,1315.25,1329.5,1312,2.58M,0.10%
6-Jun-12,1315.5,1285.25,1315.75,1283,2.84M,2.37%
5-Jun-12,1285,1273.25,1286.75,1267.5,2.04M,0.94%
4-Jun-12,1273,1275,1281.5,1262,2.34M,-0.08%
1-Jun-12,1274,1306.25,1307.5,1273.5,3.28M,-2.69%
31-May-12,1309.25,1309,1319,1297.25,2.75M,0.06%
30-May-12,1308.5,1333.5,1334.25,1308,2.31M,-1.87%
29-May-12,1333.5,1322,1334.25,1317.5,2.24M,1.41%
25-May-12,1315,1322.5,1329.75,1312,1.52M,-0.57%
24-May-12,1322.5,1315.75,1323.5,1306,2.17M,0.51%
23-May-12,1315.75,1315.5,1319,1294,2.56M,0.08%
22-May-12,1314.75,1315.25,1326.5,1307.5,2.45M,-0.08%
21-May-12,1315.75,1291.75,1316,1287.25,2.05M,1.94%
18-May-12,1290.75,1302,1310.5,1289.75,2.82M,-0.81%
17-May-12,1301.25,1323,1330.75,1300.5,2.91M,-1.61%
16-May-12,1322.5,1328.75,1339.75,1320.75,2.28M,-0.43%
15-May-12,1328.25,1334.5,1347,1325.5,2.40M,-0.43%
14-May-12,1334,1346,1351,1333.25,1.91M,-1.19%
11-May-12,1350,1357.5,1363.25,1344,1.84M,-0.55%
10-May-12,1357.5,1351.25,1363.75,1345.75,1.84M,0.48%
9-May-12,1351,1359,1360.75,1339.25,2.52M,-0.55%
8-May-12,1358.5,1365.25,1368,1343.75,2.31M,-0.53%
7-May-12,1365.75,1354,1370.25,1342.5,1.61M,0.24%
4-May-12,1362.5,1386.5,1389,1361.5,2.08M,-1.70%
3-May-12,1386,1397.5,1402.75,1384.5,1.76M,-0.82%
2-May-12,1397.5,1400.5,1404.75,1389.25,1.68M,-0.21%
1-May-12,1400.5,1394.25,1411.75,1391.25,1.31M,0.50%
30-Apr-12,1393.5,1400.25,1402.5,1389.75,1.32M,-0.36%
27-Apr-12,1398.5,1396.75,1403,1386.5,1.62M,0.13%
26-Apr-12,1396.75,1387.25,1398.25,1381,1.67M,0.68%
25-Apr-12,1387.25,1370.75,1387.75,1369.5,1.83M,1.26%
24-Apr-12,1370,1363,1371.25,1361,1.44M,0.53%
23-Apr-12,1362.75,1372.25,1374.75,1354,1.85M,-0.91%
20-Apr-12,1375.25,1373.75,1383.25,1371.25,1.81M,0.20%
19-Apr-12,1372.5,1378.75,1390,1365.5,2.63M,-0.42%
18-Apr-12,1378.25,1383.75,1386.75,1377.75,1.85M,-0.38%
17-Apr-12,1383.5,1364.25,1388.75,1359.25,1.85M,1.43%
16-Apr-12,1364,1366,1375.25,1360.5,1.96M,-0.07%
13-Apr-12,1365,1385.75,1388.5,1363.75,1.94M,-1.52%
12-Apr-12,1386,1364.25,1386.25,1363.25,1.85M,1.61%
11-Apr-12,1364,1357.75,1370.5,1357.5,1.74M,0.52%
10-Apr-12,1357,1374.25,1380.75,1352.5,2.52M,-1.31%
9-Apr-12,1375,1375,1382.75,1371.75,1.08M,-1.10%
6-Apr-12,1390.25,1390.5,1394.75,1372,-,0.00%
5-Apr-12,1390.25,1393.25,1397.75,1384,1.54M,-0.22%
4-Apr-12,1393.25,1409,1409,1388.5,1.83M,-1.10%
3-Apr-12,1408.75,1412,1414.25,1399.5,1.67M,-0.27%
2-Apr-12,1412.5,1407.25,1417.75,1399,1.72M,0.66%
30-Mar-12,1403.25,1398,1406.25,1395.75,1.62M,0.36%
29-Mar-12,1398.25,1399.5,1404,1386.25,1.83M,-0.14%
28-Mar-12,1400.25,1406.25,1412.25,1392,1.76M,-0.44%
27-Mar-12,1406.5,1415,1419.75,1406,1.25M,-0.60%
26-Mar-12,1415,1393.75,1415.5,1392.5,1.46M,1.51%
23-Mar-12,1394,1389,1395.25,1380.5,1.56M,0.36%
22-Mar-12,1389,1397.75,1400.75,1382.5,1.68M,-0.61%
21-Mar-12,1397.5,1400,1405.75,1394.25,1.53M,-0.18%
20-Mar-12,1400,1404,1405,1391.75,1.58M,-0.28%
19-Mar-12,1404,1397.25,1408,1393.5,1.52M,-0.08%
16-Mar-12,1405.11,1401.5,1406.25,1400,48.06K,0.24%
15-Mar-12,1401.75,1394,1403,1390.5,354.75K,0.54%
14-Mar-12,1394.25,1396.5,1399.75,1390,511.16K,-0.14%
13-Mar-12,1396.25,1372.5,1397,1371.5,1.03M,1.73%
12-Mar-12,1372.5,1372.75,1372.75,1366,905.37K,0.00%
9-Mar-12,1372.5,1366.25,1374.5,1363.25,904.65K,0.44%
8-Mar-12,1366.5,1352.75,1368.5,1350.5,1.83M,1.02%
7-Mar-12,1352.75,1341.5,1354.25,1341.25,1.89M,0.80%
6-Mar-12,1342,1364,1365.75,1338.5,2.45M,-1.65%
5-Mar-12,1364.5,1367.25,1369.5,1358,1.54M,-0.31%
2-Mar-12,1368.75,1374.5,1377,1365,1.46M,-0.42%
1-Mar-12,1374.5,1362.25,1375.25,1358.75,1.97M,0.73%
29-Feb-12,1364.5,1371.25,1377.25,1356.75,2.28M,-0.51%
28-Feb-12,1371.5,1367.25,1373.75,1364.5,1.54M,0.31%
27-Feb-12,1367.25,1363.25,1370.75,1353,1.66M,0.29%
24-Feb-12,1363.25,1363,1368.5,1361.5,1.17M,0.02%
23-Feb-12,1363,1356,1363.75,1350.25,1.60M,0.52%
22-Feb-12,1356,1359.75,1364,1353,1.44M,-0.29%
21-Feb-12,1360,1366.75,1369.5,1355.75,1.58M,0.02%
17-Feb-12,1359.75,1354.75,1361.25,1353,1.25M,0.37%
16-Feb-12,1354.75,1341.75,1357.25,1334.25,1.96M,0.93%
15-Feb-12,1342.25,1354.8,1358,1338,2.28M,-0.41%
14-Feb-12,1347.75,1349.25,1352,1337.75,1.74M,-0.09%
13-Feb-12,1349,1347.25,1352.25,1342.75,1.24M,0.63%
10-Feb-12,1340.5,1348,1348.25,1333.75,1.71M,-0.57%
9-Feb-12,1348.25,1347,1352.75,1340.75,1.76M,0.09%
8-Feb-12,1347,1344.25,1348.25,1338.25,1.54M,0.17%
7-Feb-12,1344.75,1339,1345.75,1331.75,1.50M,0.43%
6-Feb-12,1339,1336.5,1340.5,1330.25,1.20M,0.00%
3-Feb-12,1339,1322.75,1342,1320,1.71M,1.23%
2-Feb-12,1322.75,1320.25,1326,1317,1.36M,0.23%
1-Feb-12,1319.75,1307.75,1327,1303.75,1.90M,0.88%
31-Jan-12,1308.25,1309,1317.5,1302.25,1.89M,-0.06%
30-Jan-12,1309,1314,1314.5,1296,1.71M,-0.27%
27-Jan-12,1312.5,1314.75,1319.25,1307,1.73M,-0.21%
26-Jan-12,1315.25,1320.75,1329.75,1309.25,2.01M,-0.38%
25-Jan-12,1320.25,1311.25,1324.75,1303,1.97M,0.67%
24-Jan-12,1311.5,1311.25,1311.75,1301.5,1.48M,0.04%
23-Jan-12,1311,1307.5,1318.25,1305,1.61M,0.02%
20-Jan-12,1310.75,1310,1311.75,1304.75,1.42M,0.02%
19-Jan-12,1310.5,1302.75,1311.5,1299.25,1.84M,0.63%
18-Jan-12,1302.25,1289,1304.25,1286.5,2.01M,1.01%
17-Jan-12,1289.25,1285.25,1302.5,1281.25,1.84M,0.02%
13-Jan-12,1289,1292,1295,1272.75,2.12M,-0.21%
12-Jan-12,1291.75,1288.25,1297.5,1280.75,1.76M,0.27%
11-Jan-12,1288.25,1286,1289.5,1279.25,1.80M,0.17%
10-Jan-12,1286,1275,1292,1274.5,1.53M,0.82%
9-Jan-12,1275.5,1274.75,1277.75,1267.25,1.44M,0.10%
6-Jan-12,1274.25,1273.25,1282.25,1266.75,1.69M,0.10%
5-Jan-12,1273,1273.25,1278,1259.75,1.82M,0.00%
4-Jan-12,1273,1272,1274.75,1262.75,1.42M,0.08%
3-Jan-12,1272,1274.75,1280,1270.25,1.57M,1.56%
30-Dec-11,1252.5,1256.75,1260.5,1250.75,692.36K,-0.40%
29-Dec-11,1257.5,1244,1258.5,1243.75,878.74K,1.04%
28-Dec-11,1244.5,1260,1264.5,1243,1.01M,-1.25%
27-Dec-11,1260.25,1260.5,1264,1256,508.26K,0.00%
23-Dec-11,1260.25,1249.5,1260.75,1248.75,693.97K,0.90%
22-Dec-11,1249,1236,1251,1232.25,1.33M,1.03%
21-Dec-11,1236.25,1236,1249,1223,1.99M,0.02%
20-Dec-11,1236,1199,1237.25,1198.75,1.83M,3.09%
19-Dec-11,1199,1212,1219.75,1195.5,1.68M,-2.13%
16-Dec-11,1225.05,1218.25,1229.25,1217.25,75.19K,0.58%
15-Dec-11,1218,1212.75,1227,1204.5,327.31K,0.45%
14-Dec-11,1212.5,1226,1232.5,1209,593.67K,-1.12%
13-Dec-11,1226.25,1235,1249.75,1218.5,1.00M,-0.73%
12-Dec-11,1235.25,1256,1260.5,1226,909.00K,-1.87%
9-Dec-11,1258.75,1235.5,1260.5,1228.5,1.14M,1.84%
8-Dec-11,1236,1263.75,1272,1230.75,2.44M,-2.22%
7-Dec-11,1264,1255.5,1268,1244,2.72M,0.72%
6-Dec-11,1255,1253.25,1265.75,1245.25,2.19M,0.00%
5-Dec-11,1255,1248,1266.25,1248,2.33M,0.92%
2-Dec-11,1243.5,1243.5,1262.75,1242,2.18M,0.00%
1-Dec-11,1243.5,1243.75,1251,1235.75,2.11M,-0.20%
30-Nov-11,1246,1195,1246.75,1183,3.30M,4.14%
29-Nov-11,1196.5,1190.75,1206,1186.25,2.42M,0.46%
28-Nov-11,1191,1172,1196.25,1169.25,2.36M,3.25%
25-Nov-11,1153.5,1160.25,1173.75,1147.5,1.52M,-0.56%
23-Nov-11,1160,1182.75,1185,1158.5,2.33M,-1.92%
22-Nov-11,1182.75,1190.75,1199,1179.25,2.31M,-0.67%
21-Nov-11,1190.75,1208,1209,1180.5,2.40M,-1.92%
18-Nov-11,1214,1215,1229.75,1208.75,2.18M,-0.06%
17-Nov-11,1214.75,1231.25,1241.75,1206.5,3.10M,-1.32%
16-Nov-11,1231,1254.5,1258.75,1230.5,2.71M,-1.83%
15-Nov-11,1254,1251.5,1262.25,1234,2.24M,0.12%
14-Nov-11,1252.5,1264.25,1270.75,1243.5,1.89M,-0.71%
11-Nov-11,1261.5,1237.5,1264.75,1233.75,1.60M,1.94%
10-Nov-11,1237.5,1226.25,1245,1218.25,2.58M,0.98%
9-Nov-11,1225.5,1273.25,1274,1222.75,3.25M,-3.75%
8-Nov-11,1273.25,1257.5,1275.25,1248.5,2.24M,1.25%
7-Nov-11,1257.5,1253.25,1259.5,1232,1.98M,0.52%
4-Nov-11,1251,1255.75,1258.75,1234.5,2.24M,-0.38%
3-Nov-11,1255.75,1234.25,1259.75,1213.5,2.82M,1.74%
2-Nov-11,1234.25,1223.5,1238.75,1216.5,2.26M,0.80%
1-Nov-11,1224.5,1247.5,1248,1208.5,3.67M,-1.98%
31-Oct-11,1249.25,1280,1280.75,1245.25,2.24M,-2.48%
28-Oct-11,1281,1282.25,1284.25,1272.75,1.93M,-0.12%
27-Oct-11,1282.5,1238,1289.25,1237.5,3.32M,3.64%
26-Oct-11,1237.5,1225,1242.5,1216.5,2.70M,1.06%
25-Oct-11,1224.5,1247,1254.5,1222.25,2.64M,-1.80%
24-Oct-11,1247,1229.75,1252.5,1226.75,2.01M,0.95%
21-Oct-11,1235.25,1208.75,1235.75,1208,2.12M,2.09%
20-Oct-11,1210,1206.75,1216.25,1192.5,2.90M,0.29%
19-Oct-11,1206.5,1222.75,1227.25,1201.5,2.43M,-1.35%
18-Oct-11,1223,1194,1229.75,1185.5,2.98M,2.43%
17-Oct-11,1194,1218.25,1230.75,1193.5,2.39M,-2.07%
14-Oct-11,1219.25,1197.5,1221.5,1193,2.24M,1.77%
13-Oct-11,1198,1198.5,1204.25,1185.25,2.32M,-0.02%
12-Oct-11,1198.25,1187.5,1216,1180.75,2.56M,0.74%
11-Oct-11,1189.5,1190.5,1194.75,1180.75,1.95M,-0.13%
10-Oct-11,1191,1157.75,1192.25,1156.5,1.78M,3.12%
7-Oct-11,1155,1157.25,1173.75,1144.75,2.87M,-0.22%
6-Oct-11,1157.5,1135,1160.5,1129,2.90M,1.98%
5-Oct-11,1135,1114.5,1141.25,1106.5,3.04M,1.93%
4-Oct-11,1113.5,1087.5,1119.75,1068,4.19M,2.51%
3-Oct-11,1086.25,1124,1133,1085.2,3.50M,-3.53%
30-Sep-11,1126,1157.25,1159.75,1121.5,2.98M,-2.62%
29-Sep-11,1156.25,1148.25,1170.75,1133.5,2.98M,0.65%
28-Sep-11,1148.75,1169,1181.75,1143.5,2.80M,-1.77%
27-Sep-11,1169.5,1157.5,1190,1155,3.26M,0.95%
26-Sep-11,1158.5,1122,1159,1115,3.09M,2.54%
23-Sep-11,1129.75,1124.25,1138.5,1102,3.37M,0.56%
22-Sep-11,1123.5,1155.25,1159,1106.75,4.74M,-2.79%
21-Sep-11,1155.75,1196.75,1203.75,1155,3.25M,-3.37%
20-Sep-11,1196,1196.75,1214.5,1185.25,2.61M,-0.15%
19-Sep-11,1197.75,1199.25,1203.75,1181.5,2.45M,-1.56%
16-Sep-11,1216.74,1210,1216,1201.5,113.05K,0.45%
15-Sep-11,1211.25,1189,1212,1182.25,457.74K,1.91%
14-Sep-11,1188.5,1171.25,1202.5,1154.25,868.48K,1.45%
13-Sep-11,1171.5,1162.75,1176.75,1145,1.13M,0.71%
12-Sep-11,1163.25,1143.5,1164,1129.5,1.15M,0.45%
9-Sep-11,1158,1185.75,1194,1146.75,1.62M,-2.34%
8-Sep-11,1185.75,1199.25,1203.75,1182,2.14M,-1.11%
7-Sep-11,1199,1164.5,1199.75,1163.75,2.60M,2.96%
6-Sep-11,1164.5,1165,1166.75,1136,3.52M,-0.41%
2-Sep-11,1169.25,1201,1203.25,1168.5,2.43M,-2.66%
1-Sep-11,1201.25,1218,1228.5,1200.75,2.66M,-1.35%
31-Aug-11,1217.75,1204.25,1229.75,1201.25,3.16M,1.08%
30-Aug-11,1204.75,1208,1218.75,1193.5,2.58M,-0.27%
29-Aug-11,1208,1175.5,1208.75,1172.25,1.83M,2.72%
26-Aug-11,1176,1157,1179.75,1132.75,3.05M,1.60%
25-Aug-11,1157.5,1171.5,1188.5,1153,3.20M,-1.24%
24-Aug-11,1172,1159,1176.75,1142.5,2.62M,1.17%
23-Aug-11,1158.5,1123.5,1160.75,1118.5,3.34M,3.14%
22-Aug-11,1123.25,1122,1146.5,1111.25,2.71M,-0.07%
19-Aug-11,1124,1143.75,1153.25,1117.5,3.58M,-1.71%
18-Aug-11,1143.5,1189.5,1190,1128.25,3.81M,-3.91%
17-Aug-11,1190,1191.75,1206.75,1181.5,2.11M,-0.19%
16-Aug-11,1192.25,1196.5,1201.5,1177.5,2.56M,-0.52%
15-Aug-11,1198.5,1179.75,1201.75,1176.25,2.00M,1.85%
12-Aug-11,1176.75,1168.25,1186.75,1146.75,2.72M,0.71%
11-Aug-11,1168.5,1123,1184,1103,4.48M,4.01%
10-Aug-11,1123.5,1171,1178.75,1113.75,4.93M,-4.12%
9-Aug-11,1171.75,1113,1175.5,1077,6.29M,5.44%
8-Aug-11,1111.25,1167.25,1189,1109.5,6.17M,-7.22%
5-Aug-11,1197.75,1199.5,1219,1163.25,6.16M,-0.08%
4-Aug-11,1198.75,1254.25,1264.25,1193.25,5.04M,-4.44%
3-Aug-11,1254.5,1248.25,1258,1230.25,3.82M,0.58%
2-Aug-11,1247.25,1279.75,1285,1246.75,3.29M,-2.54%
1-Aug-11,1279.75,1306,1309.75,1270.25,3.02M,-0.68%
29-Jul-11,1288.5,1297.75,1300.75,1278.5,2.89M,-0.64%
28-Jul-11,1296.75,1299.25,1313,1295.25,2.34M,-0.17%
27-Jul-11,1299,1326,1328.5,1298,2.54M,-2.05%
26-Jul-11,1326.25,1333.5,1339.75,1325.5,1.70M,-0.54%
25-Jul-11,1333.5,1330,1340.25,1322,1.64M,-0.56%
22-Jul-11,1341,1341.25,1347.75,1332.75,1.48M,-0.11%
21-Jul-11,1342.5,1321.75,1343.5,1315,2.31M,1.61%
20-Jul-11,1321.25,1321.25,1329.75,1319.25,1.64M,0.00%
19-Jul-11,1321.25,1301.5,1324.25,1300.25,2.10M,1.60%
18-Jul-11,1300.5,1314.5,1314.75,1291.25,2.17M,-1.10%
15-Jul-11,1315,1307.75,1315.5,1300.5,2.30M,0.63%
14-Jul-11,1306.75,1312.25,1323.25,1302,2.88M,-0.42%
13-Jul-11,1312.25,1310.75,1327.75,1307.25,2.32M,0.11%
12-Jul-11,1310.75,1318,1323.25,1295.25,2.89M,-0.59%
11-Jul-11,1318.5,1339.25,1339.5,1311.75,2.43M,-1.73%
8-Jul-11,1341.75,1351.5,1354.5,1329.25,2.25M,-0.74%
7-Jul-11,1351.75,1336,1352.75,1335.75,1.68M,1.20%
6-Jul-11,1335.75,1336,1340.75,1326.5,1.82M,-0.07%
5-Jul-11,1336.75,1334.5,1337.75,1328.25,1.73M,0.15%
1-Jul-11,1334.75,1314.75,1336.5,1312.5,1.96M,1.46%
30-Jun-11,1315.5,1304,1317.5,1302.25,1.88M,0.86%
29-Jun-11,1304.25,1293.5,1305.5,1291.5,2.49M,0.75%
28-Jun-11,1294.5,1277,1295,1271.5,1.91M,1.43%
27-Jun-11,1276.25,1265,1280,1257,2.00M,0.97%
24-Jun-11,1264,1277.5,1286,1261.25,2.50M,-1.02%
23-Jun-11,1277,1280,1280.75,1257,3.32M,-0.21%
22-Jun-11,1279.75,1287.75,1293.75,1279.5,1.87M,-0.64%
21-Jun-11,1288,1273.25,1292.75,1271.75,2.08M,1.12%
20-Jun-11,1273.75,1265,1275.25,1256.25,1.68M,-0.44%
17-Jun-11,1279.4,1269.5,1282.5,1264.25,64.49K,0.82%
16-Jun-11,1269,1266.25,1274.5,1258,407.05K,0.28%
15-Jun-11,1265.5,1288.75,1289,1261.25,757.02K,-1.90%
14-Jun-11,1290,1272,1292.5,1270.5,1.07M,1.45%
13-Jun-11,1271.5,1270,1277.25,1265,798.75K,0.18%
10-Jun-11,1269.25,1287.75,1288.75,1267,1.45M,-1.42%
9-Jun-11,1287.5,1277.75,1294,1275.25,1.73M,0.82%
8-Jun-11,1277,1285,1287.75,1276.25,2.70M,-0.60%
7-Jun-11,1284.75,1285.25,1295.5,1282.5,2.07M,-0.02%
6-Jun-11,1285,1298.75,1299,1283.25,2.19M,-0.87%
3-Jun-11,1296.25,1312.25,1313.5,1294.5,2.68M,-1.24%
2-Jun-11,1312.5,1313.25,1317.75,1304.25,2.43M,0.04%
1-Jun-11,1312,1344.75,1347.75,1311.25,2.68M,-2.38%
31-May-11,1344,1329.75,1345.75,1328.25,1.93M,1.05%
27-May-11,1330,1326.5,1333.75,1324.5,1.39M,0.26%
26-May-11,1326.5,1316.5,1327.5,1312.5,2.29M,0.76%
25-May-11,1316.5,1313,1324.5,1302.25,2.10M,0.23%
24-May-11,1313.5,1314.75,1322.5,1311.75,1.86M,-0.13%
23-May-11,1315.25,1326,1327,1310.75,2.05M,-0.94%
20-May-11,1327.75,1341.5,1344,1327,2.25M,-1.04%
19-May-11,1341.75,1338.25,1345.5,1334.5,1.83M,0.24%
18-May-11,1338.5,1326.25,1340.5,1324.5,1.61M,0.98%
17-May-11,1325.5,1325.25,1332,1316,2.29M,0.00%
16-May-11,1325.5,1332,1341.25,1324.75,2.18M,-0.64%
13-May-11,1334,1347.25,1352.5,1330.5,2.24M,-1.00%
12-May-11,1347.5,1339.25,1348.75,1328.75,2.25M,0.65%
11-May-11,1338.75,1353.75,1358.25,1333,2.19M,-1.11%
10-May-11,1353.75,1342.5,1356.5,1339,1.57M,0.82%
9-May-11,1342.75,1337.25,1346.25,1334.5,1.67M,0.62%
6-May-11,1334.5,1334.25,1351.75,1331.75,2.67M,-0.04%
5-May-11,1335,1343.25,1348.75,1325.25,2.92M,-0.60%
4-May-11,1343,1351.75,1355,1337.5,2.38M,-0.67%
3-May-11,1352,1357.75,1358.5,1345.75,1.67M,-0.42%
2-May-11,1357.75,1363.25,1373.5,1354.75,1.71M,-0.15%
29-Apr-11,1359.75,1355,1363.75,1352.75,1.27M,0.35%
28-Apr-11,1355,1351.5,1358.5,1346.75,1.71M,0.30%
27-Apr-11,1351,1341,1354.25,1340.25,1.39M,0.75%
26-Apr-11,1341,1330.75,1346.25,1328,1.39M,0.77%
25-Apr-11,1330.75,1330.5,1335.25,1327.25,599.32K,-0.02%
21-Apr-11,1331,1328.5,1337.75,1328,1.28M,0.21%
20-Apr-11,1328.25,1308.75,1330.5,1308.5,1.87M,1.51%
19-Apr-11,1308.5,1301,1309.5,1294,1.53M,0.58%
18-Apr-11,1301,1318.25,1318.75,1290.25,2.26M,-1.35%
15-Apr-11,1318.75,1310.5,1319.25,1305.75,1.64M,0.65%
14-Apr-11,1310.25,1309.25,1313.25,1298.25,2.03M,0.11%
13-Apr-11,1308.75,1308.25,1318.75,1305,1.92M,0.04%
12-Apr-11,1308.25,1320.25,1320.5,1305.25,2.08M,-0.85%
11-Apr-11,1319.5,1325.75,1330.25,1317,1.53M,-0.32%
8-Apr-11,1323.75,1328.5,1335.75,1318.75,1.86M,-0.36%
7-Apr-11,1328.5,1329,1335.25,1322.25,2.18M,-0.04%
6-Apr-11,1329,1327,1336.5,1326,1.66M,0.17%
5-Apr-11,1326.75,1329.75,1334.25,1323,1.56M,-0.19%
4-Apr-11,1329.25,1327,1332.75,1324.5,1.27M,0.11%
1-Apr-11,1327.75,1321.25,1333.75,1320.5,1.66M,0.51%
31-Mar-11,1321,1324.5,1325.75,1320.5,1.52M,-0.23%
30-Mar-11,1324,1316.25,1327.75,1314.75,1.41M,0.57%
29-Mar-11,1316.5,1302.75,1317.75,1300.25,1.55M,1.09%
28-Mar-11,1302.25,1309.25,1315.25,1302,1.29M,-0.59%
25-Mar-11,1310,1304.5,1314.5,1304,1.65M,0.36%
24-Mar-11,1305.25,1292,1306.5,1289.25,1.83M,1.03%
23-Mar-11,1292,1287.75,1296,1279,1.94M,0.29%
22-Mar-11,1288.25,1292.5,1296.5,1287.5,1.44M,-0.37%
21-Mar-11,1293,1276.25,1296.25,1275.75,1.49M,0.41%
18-Mar-11,1287.71,1272.25,1293.25,1266.25,90.11K,1.10%
17-Mar-11,1273.75,1259.75,1279.25,1246.5,482.80K,1.19%
16-Mar-11,1258.75,1280,1288.25,1248,798.95K,-1.66%
15-Mar-11,1280,1295.5,1298,1256,1.01M,-1.20%
14-Mar-11,1295.5,1302.25,1305.75,1286,817.83K,-0.80%
11-Mar-11,1306,1293.75,1308.75,1283,1.13M,0.91%
10-Mar-11,1294.25,1315.75,1317.25,1292.75,2.61M,-1.62%
9-Mar-11,1315.5,1319.75,1325,1311.5,2.20M,-0.34%
8-Mar-11,1320,1308.75,1325.75,1306,2.21M,0.84%
7-Mar-11,1309,1320.25,1327.25,1302.75,2.70M,-0.85%
4-Mar-11,1320.25,1329.75,1334.5,1311.25,2.94M,-0.71%
3-Mar-11,1329.75,1306.25,1332,1305,2.36M,1.84%
2-Mar-11,1305.75,1301.25,1313.75,1296.25,2.68M,0.37%
1-Mar-11,1301,1326.5,1336.5,1300.75,3.05M,-1.89%
28-Feb-11,1326,1318.25,1329,1313,1.94M,0.55%
25-Feb-11,1318.75,1302.5,1320,1301.5,1.83M,1.23%
24-Feb-11,1302.75,1305.75,1310.75,1292.5,2.90M,-0.21%
23-Feb-11,1305.5,1314,1320.5,1297.5,3.08M,-0.68%
22-Feb-11,1314.5,1342.25,1342.5,1310.25,3.26M,-2.09%
18-Feb-11,1342.5,1337.75,1343,1335,1.52M,0.36%
17-Feb-11,1337.75,1333,1340,1328.5,1.68M,0.36%
16-Feb-11,1333,1326.25,1336,1325.75,1.80M,0.51%
15-Feb-11,1326.25,1328,1329.25,1322.25,1.46M,-0.11%
14-Feb-11,1327.75,1326,1331.25,1324.5,1.17M,0.04%
11-Feb-11,1327.25,1318.25,1328.75,1310,1.88M,0.64%
10-Feb-11,1318.75,1318.5,1320.5,1308.5,2.06M,-0.04%
9-Feb-11,1319.25,1321.5,1322,1311.75,1.83M,-0.19%
8-Feb-11,1321.75,1315,1322.25,1313,1.45M,0.46%
7-Feb-11,1315.75,1307.25,1320,1306,1.50M,0.65%
4-Feb-11,1307.25,1303.25,1308.5,1298,1.59M,0.30%
3-Feb-11,1303.3,1300.25,1305.75,1291.5,1.83M,0.25%
2-Feb-11,1300,1302.25,1305.5,1298,1.40M,-0.21%
1-Feb-11,1302.75,1282.5,1306,1281.25,2.09M,1.58%
31-Jan-11,1282.5,1269.5,1283.75,1262.25,2.31M,0.87%
28-Jan-11,1271.5,1295.25,1299.5,1270.5,3.24M,-1.87%
27-Jan-11,1295.75,1293.75,1298.25,1289.25,1.55M,0.17%
26-Jan-11,1293.5,1287.25,1296.75,1286,1.61M,0.47%
25-Jan-11,1287.5,1288.5,1291.75,1277,2.36M,-0.08%
24-Jan-11,1288.5,1279.5,1289.75,1277.75,1.64M,0.68%
21-Jan-11,1279.75,1276,1288,1273.25,2.01M,0.27%
20-Jan-11,1276.25,1279.25,1281.5,1267.5,2.53M,-0.18%
19-Jan-11,1278.5,1294.5,1296.25,1275,2.32M,-1.26%
18-Jan-11,1294.75,1289.5,1295,1282.75,1.67M,0.41%
14-Jan-11,1289.5,1281.25,1290,1274.25,1.63M,0.64%
13-Jan-11,1281.25,1283.25,1284.5,1276.25,1.67M,-0.18%
12-Jan-11,1283.5,1270,1284.25,1269.25,1.60M,1.02%
11-Jan-11,1270.5,1265.5,1273.75,1264,1.66M,0.40%
10-Jan-11,1265.5,1266.25,1268,1258,1.88M,-0.16%
7-Jan-11,1267.5,1269.75,1274,1257.75,2.18M,-0.22%
6-Jan-11,1270.25,1271.75,1277,1266.25,1.61M,-0.12%
5-Jan-11,1271.75,1265.5,1273.75,1255.75,1.80M,0.51%
4-Jan-11,1265.25,1264.75,1270,1258.25,1.78M,0.00%